,rov_x,rov_y
0,10.0,10.0
1,10.0,10.0
2,10.004536311501935,10.000016162190224
3,10.0135540395395,10.000112166220697
4,10.026997463304983,10.000392659850386
5,10.044808587265091,10.000995341401307
6,10.066925592179894,10.00208397265259
7,10.09328137363132,10.003842289243197
8,10.123802283434566,10.006468686188615
9,10.15840713744165,10.010171580191127
10,10.197006516458012,10.015165370202022
11,10.23950236150153,10.021666932266047
12,10.285787847563816,10.02989259555337
13,10.335747509212931,10.04005555447367
14,10.389257585162511,10.052363677512417
15,10.446186546078838,10.067017677499265
16,10.506395769455427,10.084209610898316
17,10.569740326628477,10.10412167579435
18,10.63606984938147,10.126925279842403
19,10.705229446670236,10.152780350774956
20,10.777060645470831,10.181834863277263
21,10.85140233337237,10.214224557248324
22,10.92809168413044,10.250072823720693
23,11.006965050839348,10.289490736043655
24,11.087858814588998,10.332577205345444
25,11.170610179391666,10.379419240770751
26,11.255057906766854,10.43009229652048
27,11.341042985648723,10.484660689277776
28,11.42840923523418,10.543178071163055
29,11.51700384003417,10.605687944897152
30,11.606677817746553,10.672224209344671
31,11.69728642166085,10.742811725040944
32,11.788689480160023,10.817466890661493
33,11.88075167653021,10.896198222661665
34,11.973342772753234,10.979006931489035
35,12.066337781265178,11.06588748884799
36,12.15961708884178,11.156828181473257
37,12.253066536840658,11.251811647747825
38,12.34657746201143,11.350815394283325
39,12.44004670199597,11.45381229027167
40,12.53337656949803,11.560771038020686
41,12.626474798917808,11.671656618609305
42,12.719254469034507,11.78643071204622
43,12.811633905088195,11.905052091695818
44,12.90353656336942,12.027476993053575
45,12.99489090117767,12.153659457216046
46,13.08563023476317,12.28355164960433
47,13.175692587624829,12.417104154670355
48,13.2650205313035,12.554266247447634
49,13.353561020586628,12.694986142907814
50,13.4412652248291,12.83921122415539
51,13.528088356897314,12.986888250540112
52,13.613989501059143,13.1379635467932
53,13.698931440972343,13.29238317430312
54,13.782880488767661,13.450093085642207
55,13.86580631608022,13.611039263439453
56,13.947681787753327,13.775167844669697
57,14.028482798821912,13.942425231397044
58,14.108188115277803,14.11275818897251
59,14.186779219025173,14.28611393264397
60,14.264240157351011,14.462440203491653
61,14.340557397161623,14.64168533455595
62,14.415719684171096,14.823798307976741
63,14.489691873865603,15.008739218775668
64,14.562305573233763,15.196520301497687
65,14.633390197908497,15.387149914576701
66,14.702775953947496,15.580631201278624
67,14.770294130684375,15.776961896228386
68,14.835777343722553,15.976134183423236
69,14.89905978115052,16.178134583590086
70,14.959977453487843,16.382943869806347
71,15.01836844729861,16.590537010536245
72,15.074073180878626,16.800883139675815
73,15.126934658072338,17.01394555366028
74,15.176798724449771,17.229681733403066
75,15.223514317211604,17.448043392166188
76,15.266933715440304,17.66897654651772
77,15.306912781945778,17.89242161117467
78,15.343311200657434,18.118313515508504
79,15.375992707309038,18.34658184096409
80,15.404825309452946,18.57715097868014
81,15.429681497936485,18.80994030554606
82,15.450438447637664,19.044864377682643
83,15.466978206661476,19.281833140051727
84,15.479187872829339,19.520752150908983
85,15.486959756363543,19.761522819748052
86,15.490191528909152,20.004042657306247
87,15.488786357927173,20.24820553629169
88,15.482653025958399,20.493901961446156
89,15.471706034362906,20.741019347559156
90,15.45586569136551,20.989442304066312
91,15.435058184286119,21.23905292489473
92,15.409215634969797,21.489731082153725
93,15.37827613939904,21.74135472240767
94,15.342183791248079,21.99380016425322
95,15.300888689534725,22.246942395971637
96,15.254346930725385,22.500655372094254
97,15.202520586309824,22.754812307905933
98,15.145377663563508,23.00928597031106
99,15.082892052739895,23.263948964499033
100,15.015043460314974,23.518674015330532
101,14.941817329871878,23.773334242851245
102,14.863204748506016,24.027803430398702
103,14.77920234148853,24.28195628501823
104,14.689812155846083,24.5356686895376
105,14.59504153418076,24.788817945952882
106,14.494902977295506,25.041283008838523
107,14.38941399763991,25.292944708662095
108,14.278596964916693,25.54368596484013
109,14.162478944211095,25.7933919880697
110,14.041091528521736,26.0419504722074
111,13.91447066315014,26.28925177394791
112,13.782656466156961,26.53518908168532
113,13.64569304457638,26.779658573041473
114,13.503628307152654,27.022559561058667
115,13.35651377436928,27.263794629122913
116,13.204404386522386,27.503269754741126
117,13.047358310568079,27.740894422349857
118,12.885436746449065,27.97658172538485
119,12.718703733579382,28.210248457890163
120,12.547225958137924,28.441815195992117
121,12.3710725617919,28.67120636960801
122,12.190314952440747,28.898350324801683
123,12.005026617539812,29.123179377238248
124,11.815282940531354,29.345629857228957
125,11.621161022440152,29.565642148271518
126,11.422739505745467,29.78316071687121
127,11.220098402249457,29.99813413513992
128,11.01331892840298,30.210515099687836
129,10.802483345266575,30.420260444740013
130,10.58767480154291,30.62733114809087
131,10.368977189065633,30.831692339844665
132,10.146474996516575,31.0333132999827
133,9.920253178208508,31.232167462827952
134,9.690397023900351,31.42823241426965
135,9.456992037648606,31.621489890871093
136,9.220123829643997,31.81192578688924
137,8.97987800880896,31.999530155580377
138,8.736340087370731,32.184297218953084
139,8.489595394905782,32.36622538443965
140,8.23972900198614,32.545317270032385
141,7.986825654003722,32.72157974014725
142,7.730969715865191,32.89502395484677
143,7.472245128392197,33.06566543550117
144,7.210735377445981,33.23352415052392
145,6.946523477033713,33.39862462551622
146,6.679691967961833,33.5609960830342
147,6.410322934000493,33.72067261830769
148,6.138498046080451,33.877693432576514
149,5.8642986207123595,34.03210310563673
150,5.5878057047243175,34.183951931810995
151,5.309100214911191,34.33329637768298
152,5.02826309084823,34.48019959391995
153,4.74537552699108,34.624732110345676
154,4.460519247160747,34.7669726565558
155,4.173776896678363,34.90700926590317
156,3.8852325027047248,35.04494057968858
157,3.594972135781565,35.180877636724745
158,3.3030847412720186,35.314946106915606
159,3.0096632473315736,35.447289208890005
160,2.714806087912833,35.578071630430834
161,2.418619352522947,35.70748493522296
162,2.121219695231873,35.83575473858866
163,1.8227385723479919,35.96315087288762
164,1.5233284729232133,36.090001889013315
165,1.2231722939488527,36.21671611202039
166,0.9224977337210046,36.34381257186864
167,0.6215997251781518,36.47196651473787
168,0.32087466526838115,36.60207310823039
169,0.020867302657312514,36.7353211590791
170,-0.2776825590926389,36.87323263806152
171,-0.5630258055315132,37.03791098010025
172,-0.8292859285649031,37.23292232559706
173,-1.074905556176939,37.45422547973817
174,-1.2995750060279403,37.69754424780132
175,-1.5036202483513912,37.959113243994125
176,-1.6877710882568697,38.23571735708199
177,-1.8530159336276197,38.52464685829179
178,-2.000497178882289,38.82363909815116
179,-2.1314351490560535,39.130819063898905
180,-2.247073769421509,39.44464301926361
181,-2.3486427374517884,39.76384718507238
182,-2.437332064765168,40.087402258574436
183,-2.5141103515222833,40.4145127509287
184,-2.5789320456687155,40.74471454568067
185,-2.63176614198822,41.077549286853554
186,-2.6726160906621317,41.412561943736456
187,-2.701517533191217,41.74930396737653
188,-2.718536846225556,42.08733597215561
189,-2.7237689456896366,42.42623017773689
190,-2.7173356646193008,42.76557251198531
191,-2.6993842735214235,43.10496449729677
192,-2.6700857101385194,43.444024930844414
193,-2.6296333555244416,43.78239141553195
194,-2.5782417937163786,44.11972177617162
195,-2.5161454650283233,44.45569534800666
196,-2.443597976924602,44.790014287442865
197,-2.3608712032486365,45.122404817243414
198,-2.2682546414491345,45.45261849548856
199,-2.166055549409489,45.780433715689085
200,-2.0545985220339964,46.10565711623076
201,-1.9342267190891453,46.42812560708548
202,-1.8053023271231445,46.74770832111396
203,-1.6682088590412862,47.06430944754826
204,-1.5233538498558603,47.377871563247034
205,-1.371172514223584,47.688379735498195
206,-1.21213356160937,47.995867071355605
207,-1.0467475324158113,48.30042209467795
208,-0.8755766050135236,48.60219747094517
209,-0.6992482913111838,48.90142128926469
210,-0.5184725617891425,49.19841047225637
211,-0.33406126789563756,49.49358496451559
212,-0.1469457512497871,49.78747878784688
213,0.04181667131698433,50.080739906055214
214,0.23106329204054457,50.37410634702168
215,0.40681561542343103,50.67615169643841
216,0.568412056342571,50.986387595256616
217,0.716645695688898,51.30359938220911
218,0.8524577601330363,51.62668729997346
219,0.9767786922451798,51.95472178601456
220,1.0905011370199122,52.28692437066593
221,1.1944711551000358,52.62264461279099
222,1.2894841370447931,52.961339695065114
223,1.3762831807930715,53.30255699033116
224,1.455559117351004,53.64591929154966
225,1.5278259610048903,53.991138694280984
226,1.5928970840719883,54.33809525692394
227,1.6506043891550581,54.686656240996335
228,1.7008104509195066,55.036675760757326
229,1.7434070141191458,55.38799744371309
230,1.778312258502287,55.740457056083365
231,1.8054689073251404,56.09388475738418
232,1.824842786630325,56.44810711137517
233,1.8364216129249429,56.80294891776748
234,1.8402139780190514,57.15823489463521
235,1.8362485103898913,57.513791237842035
236,1.8245731990816232,57.869447081235464
237,1.805254995711684,58.225035886152135
238,1.778379445458438,58.58039677789462
239,1.7440503705726713,58.935375834997174
240,1.7023898412936924,59.289827364686396
241,1.6535383349318626,59.64361518458986
242,1.597655104945605,59.99661393309125
243,1.5349187917190705,60.34871043276248
244,1.4655283150478582,60.699805133653626
245,1.3897040971187984,61.04981366565042
246,1.307689673354157,61.39866853101
247,1.2197544479765208,61.746321143616754
248,1.1261963399531987,62.092743957368576
249,1.0273448061127672,62.43793275369896
250,0.923564868980093,62.78190924121536
251,0.8152618225063443,63.124723857327254
252,0.7028900502651712,63.46645982304535
253,0.5869573407315011,63.807235628467716
254,0.46803029906446536,64.1472073344664
255,0.3467430668499912,64.4865712841512
256,0.2238025464896623,64.82556454821004
257,0.0999793850356644,65.16445864747685
258,-0.02389307270395638,65.5035542972162
259,-0.14693162125514286,65.84317013562523
260,-0.2592768876673138,66.18668347655597
261,-0.3607495995533663,66.53377131693085
262,-0.45215967146493174,66.88384707546301
263,-0.5343687982688592,67.23639639821675
264,-0.6081886937886058,67.59099321660331
265,-0.6743712163386161,67.94728730088502
266,-0.7336093246045581,68.30499135461062
267,-0.7865397643264522,68.66387001738674
268,-0.8335703629070956,69.02375373226049
269,-0.8744977414613755,69.3845642480305
270,-0.9091476533554032,69.74621085165893
271,-0.9373854973268153,70.1085913385831
272,-0.9591140239156289,70.47159478021759
273,-0.9742710595877815,70.83510415555062
274,-0.9828275406819651,71.19899880844767
275,-0.9847858701801615,71.56315673938755
276,-0.9801789615167987,71.92745675269835
277,-0.9690694534525627,72.29178050293834
278,-0.951548479060331,72.65601441570215
279,-0.9277352701067951,73.02005150787777
280,-0.8977770827444758,73.38379314046895
281,-0.861849436327333,73.74715072136391
282,-0.820156668201721,74.11004737145582
283,-0.7729328047072631,74.47241956170859
284,-0.7204427402496981,74.8342187201291
285,-0.6629836995454748,75.19541279491526
286,-0.6008869292752863,75.55598774176352
287,-0.534519520034773,75.91594887781854
288,-0.4642861934616875,76.27532201085981
289,-0.3906308009169345,76.63415421043854
290,-0.31403717358733,76.99251404160833
291,-0.2350288559928762,77.35049104132415
292,-0.15416718009125474,77.70819420006889
293,-0.07204714712970417,78.06574924099358
294,0.010709274531506122,78.4232945870332
295,0.09346267155927182,78.78097604695094
296,0.16942679009374578,79.14029391141186
297,0.23846841068907093,79.50113700440482
298,0.3011202386259908,79.86327335560983
299,0.35794180209481175,80.22649740936572
300,0.4094535637267763,80.59063787478802
301,0.4561327109730292,80.95555302704278
302,0.49841554740922905,81.32112571486095
303,0.5367005107168475,81.68725911306277
304,0.5710874471875897,82.05389801937694
305,0.6013688203594999,82.42101613994616
306,0.6273626219601915,82.78857854077444
307,0.6489198352411266,83.15654213633674
308,0.6659247540697598,83.52485707589895
309,0.6782913787010861,83.89346838421024
310,0.6859624846583704,84.26231739189227
311,0.6889087957949875,84.63134315132478
312,0.687128242047006,85.00048382520005
313,0.6806453223905631,85.36967803646759
314,0.6695113405397914,85.73886619463732
315,0.6538066866998313,86.10799189847864
316,0.6336373645504247,86.47700312028553
317,0.6091348385960974,86.84585333939538
318,0.5804560419146226,87.21450260602849
319,0.5477834501248235,87.5829185217111
320,0.5113251757511793,87.9510771181447
321,0.47131747034559873,88.31896387606807
322,0.42802570127427503,88.68657453068059
323,0.38174168002746045,89.05391527088565
324,0.33278326148521953,89.42100292263136
325,0.2814935317082843,89.78786483943706
326,0.22823932952460135,90.15453843272034
327,0.17340882935139074,90.52107027485842
328,0.11740775111507923,90.88751469586852
329,0.060657507281009666,91.25393239617463
330,0.0036005323085710195,91.620389959913
331,-0.05331463726347637,91.98695601965599
332,-0.10626571709830998,92.35420092150324
333,-0.154208960765216,92.72221717757128
334,-0.19745132858867653,93.09089830333062
335,-0.2364081268875621,93.46013870963216
336,-0.2714726780713389,93.82984982613249
337,-0.303005050597426,94.19995867564758
338,-0.33133339735486506,94.57040526892969
339,-0.35675648176930724,94.94114031629067
340,-0.3792672512029356,95.31214035511516
341,-0.39871267048558395,95.6833894927665
342,-0.4149590743108682,96.0548672440306
343,-0.42789941951180355,96.42654879464578
344,-0.4374571001945488,96.79840574528
345,-0.4435781054375199,97.1704072860401
346,-0.4462308246614795,97.54252099748305
347,-0.4454058599845688,97.9147136655761
348,-0.4411178321211209,98.28695212125847
349,-0.4334111991601876,98.65920424434111
350,-0.42235178721532013,99.03143978812105
351,-0.40802622805688266,99.40363109163178
352,-0.3905414527644503,99.77575372887529
353,-0.3700273033131809,100.1477872577201
354,-0.34664165604658137,100.5197161669874
355,-0.3205617430331428,100.89152995745685
356,-0.2919829913437452,101.26322338262459
357,-0.26111764581002395,101.63479653990672
358,-0.22819687303122954,102.00625513260118
359,-0.19347936165092472,102.37761129047473
360,-0.157237901105868,102.74888229435261
361,-0.11975603507078869,103.1200898911986
362,-0.08132331692075313,103.49125931253954
363,-0.04222709010768206,103.86241779856559
364,-0.002790239966051593,104.2335979189542
365,0.03665817038883655,104.60483379107299
366,0.07363100605758019,104.97638063976999
367,0.10722887109666393,105.3483034016877
368,0.13763983431627227,105.72055512698144
369,0.1651430120306225,106.09308711380238
370,0.19000405605074266,106.46585820775866
371,0.21246596684660965,106.83883435158721
372,0.23274995848686386,107.21198742355644
373,0.251057252302001,107.58529420205645
374,0.2673575348099068,107.9587448746193
375,0.28153606054002683,108.33233237266582
376,0.29348799371946577,108.70604737127834
377,0.30312173161667216,109.07987834804462
378,0.3103668899072034,109.45381168400645
379,0.31517973038312386,109.82783208782277
380,0.3175306073891623,110.2019233441383
381,0.3174040134740698,110.57606867330931
382,0.314799420884931,110.95025110610749
383,0.3097480270713413,111.32445410399414
384,0.3022951031290848,111.69866203013086
385,0.292499223802447,112.07286047479617
386,0.28043160732975764,112.44703654177734
387,0.26619156303059155,112.82117970627148
388,0.24989474009109122,113.19528188910492
389,0.23166777204265276,113.56933745767046
390,0.2116465449228467,113.94334323926365
391,0.18998835167520817,114.31729926226087
392,0.16687040977559503,114.6912088592337
393,0.1424763165486068,115.06507786194454
394,0.11699208061186642,115.43891415440929
395,0.09061067389719919,115.81272774724624
396,0.06355663853351676,116.18653233420851
397,0.03605321953997416,116.56034273226821
398,0.008309714718729513,116.93417353346221
399,-0.019512671352063183,117.30803616014613
400,-0.047118262710142245,117.68195209125211
401,-0.07231099777955409,118.05607510614708
402,-0.09507653944125868,118.4303899718946
403,-0.1156140386545354,118.80486955812052
404,-0.1341273163698997,119.17949009792954
405,-0.15080412452281614,119.55423187466266
406,-0.16581540024852406,119.9290786290723
407,-0.17931653471884354,120.30401695860262
408,-0.1913154752826493,120.67904009910275
409,-0.20173337189894117,121.05414381200482
410,-0.2104922563961857,121.42932284878839
411,-0.2175190766306268,121.80457084264677
412,-0.22276165400260356,122.17988013251338
413,-0.2261911567960493,122.55524210899961
414,-0.22778513621780092,122.9306477260828
415,-0.22752777661623264,123.30608762072032
416,-0.2254255649885773,123.68155232844008
417,-0.22150592166984004,124.05703270574286
418,-0.2158028433057827,124.43252011269578
419,-0.20835608806530226,124.80800651284827
420,-0.19923013273086485,125.18348502939979
421,-0.18850651945139496,125.55895014216212
422,-0.17627112853386076,125.93439751685061
423,-0.16261207614678216,126.30982394147159
424,-0.1476460564139886,126.68522835041423
425,-0.13150150277695596,127.06061140581323
426,-0.114305830884817,127.43597493695998
427,-0.09618061258288887,127.81132156561443
428,-0.07728479871312469,128.1866567046534
429,-0.05778183060441363,128.5619869836447
430,-0.03782179723151807,128.93731911950093
431,-0.01752400507923225,129.3126587176448
432,0.002919374113716875,129.6880156845161
433,0.023316642099752254,130.0634001266662
434,0.04196632130969227,130.43890010976583
435,0.0588470040295072,130.81450813579409
436,0.07410241679693448,131.1902097453541
437,0.08788067623658734,131.56599219723213
438,0.10031828289335568,131.94184489278425
439,0.11153949610926313,132.31775906872525
440,0.1216572589855856,132.69372748017688
441,0.13077129969590176,133.0697442035496
442,0.13880154432831013,133.44580800171752
443,0.145681298027344,133.821916704518
444,0.1513719331003388,134.19806711019356
445,0.15583011671847827,134.57425571067543
446,0.15900938885632915,134.9504786026458
447,0.16089182224589307,135.32673127148288
448,0.16147366650602474,135.70300899964937
449,0.16074911106483164,136.07930703069252
450,0.15871039205464246,136.4556205407918
451,0.1553903660297727,136.831944988861
452,0.15082294245200045,137.2082761854793
453,0.14503908779541114,137.58461023627285
454,0.13807825177582247,137.96094370706115
455,0.13001206958628975,138.33727422780586
456,0.12090833916976415,138.71359996957938
457,0.11082762517444138,139.0899194731866
458,0.09985456994039467,139.46623245662383
459,0.0880916475766411,139.84253980049235
460,0.07563047719287506,140.21884267403922
461,0.0625444402762647,140.59514212538002
462,0.048961777928195636,140.97144155496775
463,0.03500593197831271,141.34774469556805
464,0.020768978111862506,141.72405446421826
465,0.006319384592825971,142.10037308089608
466,-0.008175365314667109,142.47670671060345
467,-0.022594821142737007,142.85305978125044
468,-0.03576235855957042,143.22947508031532
469,-0.04766722946510249,143.60594857899332
470,-0.05841289077689308,143.98247290257382
471,-0.06810546704571695,144.3590415684103
472,-0.07684268334730422,144.73564918363002
473,-0.08471346825529935,145.11229128685085
474,-0.09179862779393555,145.48896418667462
475,-0.0981041466240274,145.8656659602248
476,-0.10356786666987779,146.24239571882953
477,-0.1081709604040505,146.61915163260346
478,-0.11187951913853819,146.99593189388497
479,-0.11464688290962707,147.37273454981968
480,-0.11646014725940011,147.74955713941873
481,-0.11731873925650271,148.12639707821432
482,-0.11721107599080437,148.50325177677382
483,-0.11612009088223207,148.88011854303414
484,-0.11407780262424819,149.25699482276198
485,-0.11110667492127604,149.6338782311167
486,-0.10721755025865323,150.01076643166013
487,-0.1024433287635261,150.38765744922878
488,-0.09683903925575905,150.76454987206728
489,-0.09044689318954088,151.14144243671132
490,-0.08329265385569828,151.5183338343846
491,-0.07545979008286552,151.89522411810154
492,-0.06702139758169355,152.27211356144016
493,-0.05802810865944233,152.64900225671641
494,-0.048542549813121366,153.02589082369545
495,-0.038670282404938555,153.4027812563498
496,-0.0284875123241942,153.7796750832884
497,-0.018019798477387886,154.15657261987653
498,-0.007385690845718544,154.5334768762683
499,0.0032948052431871506,154.9103910623519
500,0.014024953220343434,155.2873149446931
501,0.023838921383561987,155.66427476673366
502,0.03271859678535623,156.04126859423926
503,0.04073945115318446,156.4182923810999
504,0.04797989374151053,156.7953425430371
505,0.0545122178326771,157.17241609089777
506,0.060402216613125524,157.54951054644528
507,0.06570967362642632,157.92662385416813
508,0.07042770127387761,158.3037550773486
509,0.07455734193132625,158.68090316182202
510,0.07806882620065246,159.0580673480091
511,0.08090708747289305,159.43524692269517
512,0.08306436522102187,159.81244061171896
513,0.08454052362812106,160.18964707066093
514,0.08531312782205312,160.5668650022083
515,0.08535724466750078,160.9440929852979
516,0.08470086274319083,161.32132955167052
517,0.08335244213203945,161.69857332111076
518,0.08129925419128578,162.07582284662595
519,0.07857158502370143,162.45307692471007
520,0.07520757557278736,162.83033458574474
521,0.07122272270361284,163.2075948159037
522,0.06662917678517158,163.58485663840582
523,0.06149474020345254,163.96211989804058
524,0.05586322475853481,164.33938437509659
525,0.04974626111151727,164.71664950383555
526,0.04321237926198164,165.0939157543428
527,0.036336222371754996,165.47118393654205
528,0.029149645181857593,165.84845425202016
529,0.021673480636749856,166.22572676388856
530,0.014022208927991676,166.60300349518312
531,0.006255629711229543,166.98028550772497
532,-0.0016698305714579528,167.35757176188608
533,-0.00966073691032496,167.73486409079644
534,-0.01697018202145039,168.11217760259515
535,-0.023582000329499718,168.48951126074084
536,-0.029552355808611135,168.86686280281074
537,-0.03493985374246592,169.24423021931008
538,-0.039798547546979916,169.62161183220368
539,-0.044177628887111374,169.999006248327
540,-0.04812179291358871,170.37641231022224
541,-0.05166305893844812,170.7538291351956
542,-0.0547466287211806,171.13125666343367
543,-0.05733622663773103,171.50869451011806
544,-0.05944817113554997,171.88614185838009
545,-0.0610610578474591,172.26359811738715
546,-0.06212039967149191,172.64106270668157
547,-0.06265605095118358,173.01853469679878
548,-0.06267667818270334,173.39601328524927
549,-0.06215774029682613,173.77349766177036
550,-0.061102157501881194,174.15098698958485
551,-0.05954631601893132,174.5284805846976
552,-0.057494402510610255,174.90597773501474
553,-0.05492225426245676,175.28347755373005
554,-0.05189413108714985,175.66097977464548
555,-0.04844342927641071,176.03848408440356
556,-0.044563444170010104,176.41598987260744
557,-0.0402948354725998,176.79349704535244
558,-0.03570192450567152,177.17100592373325
559,-0.030801377599080106,177.54851637979561
560,-0.025585449530313026,177.926027990627
561,-0.020155269211165172,178.303541896443
562,-0.014558644149009023,178.6810586236767
563,-0.008755863259005552,179.05857742765866
564,-0.0028267623721839226,179.43609939588396
565,0.0031181014072712157,179.8136261817183
566,0.009146955267385123,180.1911566403518
567,0.014665590427528824,180.56869984647065
568,0.019658502966692214,180.94625525622067
569,0.02416768762078389,181.32382157943354
570,0.028237295059011774,181.70139766492662
571,0.03190807659548184,182.0789825495605
572,0.0352171207253416,182.4565754321934
573,0.03818412661784516,182.83417575603983
574,0.04078412356136283,183.21178332876062
575,0.043043176910426265,183.58939758400888
576,0.0449302927326648,183.9670183161795
577,0.04637676282470237,184.34464537508654
578,0.0474284803148669,184.72227806889097
579,0.048087339597277325,185.0999159296603
580,0.048309137918270545,185.47755852590257
581,0.04810686603082443,185.85520530824942
582,0.047510718445476385,186.23285579926974
583,0.04650610085132998,186.6105095001313
584,0.04507062578950243,186.98816583571045
585,0.04326185810479733,187.36582454624664
586,0.041094877945451636,187.74348530187632
587,0.03853613280616109,188.12114748985783
588,0.03564294473766907,188.49881110070655
589,0.032461945692651865,188.87647618789194
590,0.028981280200568654,189.25414237754012
591,0.025212868787814636,189.63180950609265
592,0.021239620693817438,190.0094781912837
593,0.017076000207671284,190.3871484379059
594,0.012659705180251744,190.76481938328473
595,0.008114075947550224,191.1424923202275
596,0.003499870576916529,191.52016790934104
597,-0.0012626462195017762,191.89784509933241
598,-0.00613484325093335,192.27552429100967
599,-0.010598665314683235,192.65321188988113
600,-0.014637589396540716,193.0309075909738
601,-0.018285174176063644,193.40861055372184
602,-0.021577102008533664,193.786320023891
603,-0.02454634435279257,194.16403536987318
604,-0.027208041503571027,194.54175617113003
605,-0.0296041619912263,194.91948187534993
606,-0.031752266829207926,195.29721215881082
607,-0.03359043033296491,195.67494712801044
608,-0.03509327489714843,196.05268659381412
609,-0.036302079177446565,196.43043009252676
610,-0.037193859471398215,196.80817741447177
611,-0.03769786084582852,197.18592835929798
612,-0.037876279056571274,197.56368246978687
613,-0.03774014951632471,197.94143943499412
614,-0.03724254279073543,198.3191989000543
615,-0.03640573821810182,198.6969605354463
616,-0.03527116829259323,199.07472413008205
617,-0.03382085709614329,199.45248934784124
618,-0.03203131224225949,199.83025578183566
619,-0.029974009730821514,200.20802349141178
620,-0.027662433725958745,200.58579233788117
621,-0.02504358648971109,200.96356175513557
622,-0.022193957102469943,201.3413320470711
623,-0.01916472124403911,201.71910345600213
624,-0.015918803892959445,202.09687554963458
625,-0.01247212180363983,202.4746483194397
626,-0.00892373262113625,202.85242257270477
627,-0.005258201169717432,203.2301981035021
628,-0.001394153547637569,203.6079740232029
629,0.002528736664356696,203.98575167530518
630,0.006473226350304761,204.36353141328155
631,0.010080542288919447,204.7413168043201
632,0.013343738544704022,205.11910758008761
633,0.01629062167471982,205.49690318413226
634,0.01895010210123385,205.87470312242215
635,0.021348833577751757,206.25250698157572
636,0.023511070276171584,206.63031441746799
637,0.025453311774981984,207.00812517178736
638,0.02707423879704069,207.3859395392065
639,0.028444741735133096,207.76375697076503
640,0.029576136537661335,208.1415772418734
641,0.030401925635052948,208.51940032781542
642,0.03093064847572114,208.89722594525549
643,0.031203865600102288,209.27505380886157
644,0.031190791749651052,209.6528837223326
645,0.030847901196205382,210.03071540832747
646,0.03024282491309971,210.4085486701681
647,0.02937996596199792,210.78638331314406
648,0.028196783369309367,211.16421894813024
649,0.026754938794113576,211.54205552158965
650,0.025094577869225816,211.91989301295425
651,0.023176938744935347,212.29773107933408
652,0.02100924584551684,212.67556956554634
653,0.018669177411046144,213.05340877392007
654,0.016146923825956856,213.4312485394585
655,0.013378222321099625,213.80908828813446
656,0.01047806271369723,214.18692873881943
657,0.00748114397590432,214.56477010233746
658,0.004296732412588588,214.94261158009854
659,0.0009932769965868065,215.32045366394178
660,-0.00231580790605941,215.69829730711228
661,-0.005699696970758689,216.0761418770418
662,-0.008799669023741826,216.45399045319144
663,-0.011604384541846627,216.83184288768777
664,-0.014137183075641876,217.2096987754406
665,-0.016388171479013388,217.58755796141693
666,-0.01841456192933368,217.96541991476133
667,-0.02024057357280399,218.34328436774408
668,-0.021809188550148642,218.72115143735226
669,-0.023137188442063424,219.09902087210804
670,-0.024272020949827566,219.4768923619535
671,-0.025163739908959815,219.85476591219316
672,-0.025762991939926382,220.23264143099573
673,-0.026139866483422546,220.61051861189068
674,-0.026286283321135195,220.9883973107261
675,-0.026121536587667072,221.36627734408216
676,-0.025713882849463455,221.74415851942595
677,-0.025093353453128298,222.12204071521077
678,-0.02420667593394616,222.49992367455016
679,-0.023065198448743326,222.8778072289119
680,-0.021734167145774315,223.25569142659666
681,-0.02019160604269091,223.63357606829183
682,-0.018385384229511297,224.01146077503086
683,-0.016414032293807383,224.38934587491346
684,-0.014295441831336632,224.7672313818917
685,-0.01194742069190578,225.1451167223826
686,-0.009449672782386734,225.5230022780502
687,-0.006875336817121526,225.9008884808025
688,-0.004149049764990492,226.27877476498855
689,-0.001265193201857777,226.65666101290836
690,0.0016408791966275363,227.03454821041575
691,0.0046265938958593225,227.41243589340033
692,0.0073633936505782035,227.79032655415483
693,0.009839965771135922,228.16822008989143
694,0.012076746267765925,228.54611618802346
695,0.014075181029944685,228.92401467593098
696,0.01587564197865434,229.30191520043294
697,0.017498494656086775,229.6798175584
698,0.018907508154461326,230.05772179082746
699,0.020066802584015674,230.43562787627738
700,0.021051698150977013,230.813535448884
701,0.021835568081854193,231.19144447241985
702,0.022318803122819805,231.56935496867948
703,0.022592122471001477,231.94726663215133
704,0.022673418715248295,232.32517933132252
705,0.022489570804512273,232.70309292877664
706,0.02206971070854666,233.08100726076503
707,0.02146855173280717,233.4589222598132
708,0.020645606727504758,233.83683774200645
709,0.01956636751913896,234.21475346940244
710,0.01831805380435231,234.59266955567114
711,0.01689887904627197,234.97058590791244
712,0.01521957537189814,235.3485020523245
713,0.013380221680843228,235.72641829989723
714,0.011427773696178494,236.10433481817697
715,0.00928489460449542,236.48225113265778
716,0.0069798431843811504,236.86016731086363
717,0.004617933609658666,237.2380839462554
718,0.002138984913954383,237.61600063061385
719,-0.0005242121836341561,237.99391685045939
720,-0.0032309855617814846,238.37183354022253
721,-0.0057096110515306,238.7497525653484
722,-0.00794255172225654,239.127673882874
723,-0.009958474182776837,239.50559717211107
724,-0.01177813411395812,239.883522200043
725,-0.013390717164304814,240.26144890212632
726,-0.014795013091509256,240.63937716058408
727,-0.016054876972426288,241.0173066444452
728,-0.017132028626794416,241.3952374009555
729,-0.017946326036336502,241.77316951445798
730,-0.018591789247196396,242.15110264486157
731,-0.019067957425595132,242.5290367090315
732,-0.01927933591212606,242.90697168841467
733,-0.01928732341300506,243.2849073930895
734,-0.019135110743063212,243.66284372546534
735,-0.01875875247555414,244.04078055146795
736,-0.0181510881874059,244.41871771891206
737,-0.01739077089340345,244.79665524493748
738,-0.016452031676987087,245.17459299714022
739,-0.015257483548756272,245.5525306470876
740,-0.013914447552320259,245.93046841081082
741,-0.012444662290020536,246.30840630778914
742,-0.010756793007394717,246.68634389139126
743,-0.008916791918771858,247.06428135544755
744,-0.007004279630085071,247.44221904293275
745,-0.004941439662253914,247.82015651621137
746,-0.0027081204738799982,248.19809359002943
747,-0.00043715800853896076,248.57603100218736
748,0.0019164832297795106,248.9539684644043
749,0.00418359423459016,249.3319070048238
750,0.006247377509159529,249.70984725287403
751,0.00811330719616353,250.0877890656614
752,0.009758840861604435,250.46573243198984
753,0.011232020997864167,250.8436770327642
754,0.012559423390064028,251.2216226906988
755,0.01370146555609,251.5995694650376
756,0.014616518764447752,251.9775173618196
757,0.015398652592509277,252.35546605569732
758,0.016019744764440524,252.73341554119958
759,0.01636627899322068,253.11136586492174
760,0.016543446101146872,253.4893167869011
761,0.01657639360558522,253.8672682241135
762,0.016377574030636038,254.24522007991072
763,0.01597917184970345,254.62317224183147
764,0.015448947028915607,255.00112470005126
765,0.014733471524079233,255.37907730572937
766,0.01379105141566754,255.7570298609699
767,0.01272326907360379,256.13498252477376
768,0.011521836137411048,256.5129352240002
769,0.01007960067341827,256.89088751245475
770,0.008508242409857274,257.2688397123539
771,0.0068596014283497705,257.6467920041531
772,0.00503394372457566,258.0247438984009
773,0.003061491689501865,258.40269546612967
774,0.001063006735190592,258.78064730323194
775,-0.0010484516871751269,259.15859892733994
776,-0.0032572060708661757,259.53655039181416
777,-0.005285776015945889,259.9145032580206
778,-0.007122119233114068,260.2924574940543
779,-0.008712884459985611,260.6704132258146
780,-0.010141505921801349,261.04836998298305
781,-0.011429527706373507,261.42632761865906
782,-0.012511878194876699,261.80428626800494
783,-0.013397031726230673,262.1822457949232
784,-0.01416770511910201,262.5602059325435
785,-0.014764740723456713,262.93816673994723
786,-0.015116578055078034,263.3161282064841
787,-0.015324122181658932,263.6940901269285
788,-0.015384150927881616,264.0720524425532
789,-0.015192788493550992,264.4500150533502
790,-0.01482911729928368,264.8279778724128
791,-0.014340753150850118,265.2059408816933
792,-0.01364986846365005,265.58390390183587
793,-0.012761092320291111,265.96186683131754
794,-0.01176476415914081,266.3398298115884
795,-0.010619752914953963,266.71779268585004
796,-0.009250288341565814,267.09575512488914
797,-0.007777557450749014,267.47371748331045
798,-0.0062155475701920326,267.8516797872721
799,-0.0044490146643016626,268.2296414909753
800,-0.002564552429614087,268.6076029218072
801,-0.0006547548109763093,268.98556451862015
802,0.0013979456785401547,269.36352565597673
803,0.003457734399676367,269.74148704092624
804,0.005341271646919301,270.1194496280239
805,0.007045330376033512,270.49741334624673
806,0.008507885303047667,270.87537835211236
807,0.009819696950555028,271.2533441838877
808,0.01100207845985703,271.6313107121059
809,0.01195277245376775,272.00927816025
810,0.01273495136487106,272.3872462576518
811,0.013409159793309677,272.7652148228746
812,0.01388919016896232,273.14318394127434
813,0.014154699584200101,273.5211535248503
814,0.01429637726834097,273.899123425691
815,0.014278564490119215,274.27709360022067
816,0.014005975769615969,274.65506392146034
817,0.013588762349514531,275.03303435237825
818,0.01304625908460972,275.4110048629818
819,0.012280389972541389,275.78897522287116
820,0.011348477861464699,276.166945442895
821,0.01032309944812467,276.54491565117155
822,0.009130654465658137,276.9228855967918
823,0.0077475123474443925,277.30085511744517
824,0.006290014611928307,277.6788245807545
825,0.004726543975579886,278.05679383996477
826,0.0029420197132144733,278.4347623369133
827,0.0010734885543336418,278.81273064206766
828,-0.0008360468879608709,279.1906989538862
829,-0.0029193057595428944,279.56866655717016
830,-0.004840668057946569,279.9466352246616
831,-0.006580934627417359,280.32460497341845
832,-0.008152468419970261,280.7025756630204
833,-0.00951276650871266,281.0805473710756
834,-0.010733801347680927,281.4585197514851
835,-0.011818118347725944,281.83649274328087
836,-0.012639759385490291,282.21446658947167
837,-0.01331434517322884,282.59244091653295
838,-0.013867707608405744,282.97041562803696
839,-0.01419761209733985,283.34839078591307
840,-0.01433865363180936,283.7263662445037
841,-0.01436051610557311,284.1043419096356
842,-0.014199228234217744,284.4823177196761
843,-0.013812473159965493,284.86029354280316
844,-0.013300080396217447,285.2382693909188
845,-0.01264687738565202,285.61624519425214
846,-0.01174286917091628,285.9942206512067
847,-0.010700391759680676,286.3721959198399
848,-0.009561904704914076,286.75017107768116
849,-0.008230869860313073,287.1281457707188
850,-0.006742376464410846,287.5061200387068
851,-0.00519846300610962,287.88409424467335
852,-0.0035239578342848637,288.2620680530177
853,-0.0016632663135908359,288.64004114712526
854,0.0002457115454051104,289.0180141550328
855,0.0022233774574509668,289.3959869625192
856,0.003960019660660035,289.7739611051643
857,0.0055237944904247835,290.15193615162457
858,0.0069356134999274625,290.5299119435171
859,0.008148581724189488,290.907888571383
860,0.009183734867854685,291.28586587183577
861,0.010110587271428568,291.6638435954314
862,0.010877670483456775,292.04182181738986
863,0.011417577139194144,292.4198005707882
864,0.011841259351242873,292.79777960933853
865,0.012136212722321339,293.17575890562324
866,0.012185112554221831,293.5537384475636
867,0.0120821507482715,293.93171811077525
868,0.011873940966111886,294.30969786120994
869,0.011467288624650449,294.6876775792199
870,0.010876440846689435,295.0656571816123
871,0.010193808385729194,295.4436367552873
872,0.009363623019067966,295.82161615807195
873,0.008317303986036492,296.19959514724957
874,0.007176965164920083,296.5775739858924
875,0.005944214269474987,296.95555265440316
876,0.004497876551352149,297.33353068449526
877,0.002937974316974538,297.7115083800754
878,0.0013450075758445219,298.08948605345233
879,-0.00040234342850086705,298.46746315896655
880,-0.002297199363550397,298.84543966673687
881,-0.004044012774153996,299.22341699925875
882,-0.005626323296263584,299.6013951664732
883,-0.006978919883368913,299.9793743344436
884,-0.008191918028894515,300.357354083801
885,-0.009285632480597513,300.7353343034591
886,-0.0101453094504485,301.1133152329123
887,-0.010852400884197718,301.4912965823917
888,-0.011465079144121926,301.8692781992384
889,-0.011884778705705023,302.2472601809345
890,-0.012106434924762653,302.6252424307426
891,-0.0122231542572161,303.00322482641303
892,-0.012185796946028971,303.3812073359636
893,-0.01190983171344441,303.7591898431515
894,-0.011508829854500552,304.137172333743
895,-0.010992372960356201,304.5151547784447
896,-0.010251604998222084,304.89313694319907
897,-0.009362345802474482,305.2711188797547
898,-0.008394227224722512,305.6491007134329
899,-0.007257876458346035,306.0270821685692
900,-0.005945695352648279,306.4050631429077
901,-0.004576847081029394,306.7830440039202
902,-0.0030994047002068795,307.16102454265547
903,-0.0014129441464863072,307.539004292146
904,0.0003438186673676959,307.91698380595324
905,0.002148419244875178,308.29496317790733
906,0.003735861950214095,308.6729436067744
907,0.005165604062991904,309.05092474657476
908,0.006456458327625829,309.42890646675346
909,0.0075725285464683795,309.8068888230048
910,0.008492132496408364,310.18487178692345
911,0.009311734937475998,310.5628550585861
912,0.0099949803708905,310.94083867806825
913,0.010433669272064025,311.3188227363207
914,0.010747536278310321,311.69680699374493
915,0.010953714891634733,312.07479139926414
916,0.010939178437030737,312.45277593386163
917,0.010762105068208945,312.8307604995104
918,0.010494913369767118,313.20874508357986
919,0.010054794386144112,313.5867295763772
920,0.009417106588845715,313.96471385717314
921,0.008691732223436447,314.3426980487062
922,0.007844167633506335,314.7206820540147
923,0.006764565290324188,315.09866553499535
924,0.005582821075415819,315.4766487768292
925,0.004333540037521038,315.85463186707574
926,0.002895862522039371,316.23261435250646
927,0.0013285970681957602,316.6105963868596
928,-0.0002505017916308442,316.9885784352246
929,-0.001960377707029794,317.36655997712137
930,-0.003475082379096515,317.7445424132792
931,-0.00484068147061777,318.1225254785567
932,-0.006073971896263265,318.50050905897024
933,-0.0070589869945403665,318.87849342747745
934,-0.007926045708848306,319.256478143812
935,-0.008705505701710891,319.6344631090743
936,-0.009275682598766212,320.0124485054086
937,-0.009680050001816869,320.3904341722415
938,-0.010002704103793648,320.76841997372605
939,-0.010158797608122834,321.1464059360862
940,-0.010105876891006393,321.52439198170185
941,-0.009954860054509336,321.9023780549273
942,-0.009679193748899402,322.28036411122275
943,-0.009156525221349946,322.6583499594575
944,-0.008510518451574819,323.0363356691703
945,-0.007781622134284702,323.4143212796536
946,-0.006860043921665842,323.7923065203693
947,-0.0057867018648333594,324.17029141089193
948,-0.004665264038088509,324.54827621147075
949,-0.0034083335229428396,324.92626063486836
950,-0.0019658887354912897,325.30424444434607
951,-0.0004751486839078376,325.68222811435965
952,0.0010929445539887266,326.0602115187312
953,0.002726057719517141,326.4381946945503
954,0.004225322769739472,326.8161784711931
955,0.005582497430940866,327.19416283039106
956,0.006739832804535594,327.57214789941156
957,0.007727994207919259,327.95013349313393
958,0.008613291636581045,328.32811938581455
959,0.009340823956943856,328.7061056585903
960,0.009850621802141392,329.08409233072905
961,0.010257702581659606,329.46207916992034
962,0.010542253379141277,329.8400661631759
963,0.010581394932989934,330.21805330296985
964,0.010481083152850429,330.5960404724417
965,0.010286077780390413,330.9740276453922
966,0.009894309391663603,331.3520147056032
967,0.00932928090698466,331.7300015860327
968,0.008685846465682715,332.1079883801567
969,0.007897148122993717,332.4859749376518
970,0.006901443817011834,332.8639610446281
971,0.005823900878607429,333.24194696480487
972,0.004656353503865606,333.61993265487627
973,0.0032720998992337323,333.9979176501937
974,0.0017827118825474292,334.3759022821706
975,0.00026291621640295304,334.75388682897557
976,-0.0014162113796705794,335.13187073699567
977,-0.003035764584724655,335.5098549399817
978,-0.0045104679699245216,335.8878397704442
979,-0.005841042830432785,336.26582516991994
980,-0.006949718654211939,336.6438113191511
981,-0.007940332761067221,337.0217978295934
982,-0.008823723052287414,337.3997846387967
983,-0.009470092761370343,337.77777196019065
984,-0.00997295936955742,338.1557595319129
985,-0.01038666391769694,338.5337472435264
986,-0.010607009206072934,338.9117351487202
987,-0.010640813204389001,339.2897231476564
988,-0.01058312345878741,339.66771117435894
989,-0.01037540204475762,340.0456991786771
990,-0.00994193477194439,340.42368702145245
991,-0.00940055739557508,340.8016747546423
992,-0.008753570601292554,341.1796623510301
993,-0.007884061407643436,341.5576495298961
994,-0.006882739761822138,341.935636411077
995,-0.00582008598083234,342.3136231529803
996,-0.004591869030831762,342.69160942100217
997,-0.0032018979944064396,343.0695951563154
998,-0.0017781158276225445,343.447580792953
999,-0.0002472900050543511,343.8255660380698
1000,0.0014822431339835144,344.2035504527207
1001,0.0031530141085557937,344.5815351578845
1002,0.004674624638291367,344.95952051882676
1003,0.005968752085042487,345.3375067526453
1004,0.00712072962900494,345.7154934716909
1005,0.008158634363798682,346.0934805461477
1006,0.009013148540723513,346.47146810435197
1007,0.009675659408258696,346.84945607222437
1008,0.010250535252911024,347.22744420761865
1009,0.010680477927703961,347.6054325594445
1010,0.010872331474569303,347.98342113060613
1011,0.010943012937538731,348.36140976707185
1012,0.010901377351070128,348.73939843079796
1013,0.010634080557035686,349.11738702497644
1014,0.010212966993661707,349.49537550148335
1015,0.009705631342206585,349.87336389422575
1016,0.009023507272646518,350.25135203381774
1017,0.008155645457276853,350.6293398141904
1018,0.007213294783157088,351.00732743753815
1019,0.00615062192918874,351.3853147628487
1020,0.0048687423663006345,351.7633014291513
1021,0.0035009263556447564,352.14128781482793
1022,0.0020714722379971623,352.5192739927651
1023,0.00045150170931022165,352.89725942229194
1024,-0.0012850116584269334,353.27524435422276
1025,-0.003021116708327552,353.65322930764137
1026,-0.0045879524332890454,354.03121501999783
1027,-0.005960027293119478,354.40920150864906
1028,-0.007194459073570679,354.7871884907916
1029,-0.008298524950960132,355.16517589488967
1030,-0.009158756122586017,355.54316395102137
1031,-0.009898844925507945,355.92115227972283
1032,-0.010536038753265399,356.29914081390694
1033,-0.010951899119906764,356.67712967420823
1034,-0.011202611799041456,357.0551186977188
1035,-0.011359149917615637,357.43310778934324
1036,-0.011337369924304244,357.8110969299268
1037,-0.011110506216310297,358.18908602002443
1038,-0.010782457093612537,358.56707505261164
1039,-0.010319993951879474,358.94506396120653
1040,-0.009615660779390514,359.3230525128557
1041,-0.008792510572665101,359.7010408405968
1042,-0.007880706577787229,360.07902898085166
1043,-0.006769459603496111,360.4570166031624
1044,-0.005515187043280034,360.8350037935238
1045,-0.00421528449602832,361.2129908451219
1046,-0.0027746064660358533,361.59097740159575
1047,-0.001158813922173023,361.96896326510165
1048,0.0004937334303699358,362.3469489845598
1049,0.0022289145907631895,362.72493434839
1050,0.00371967850267548,363.10292076971984
1051,0.00505843201329861,363.4809077743344
1052,0.006266714863086306,363.8588952326882
1053,0.007267149790863353,364.2368833122931
1054,0.008105685361709565,364.61487179954895
1055,0.008854653379905077,364.99286048854344
1056,0.009438451128004573,365.3708494822168
1057,0.009812799307332861,365.7488387546786
1058,0.01008992892563604,366.12682812408707
1059,0.010239650551656756,366.5048175784433
1060,0.010137603726068962,366.88280706152966
1061,0.009905313978687436,367.26079649971365
1062,0.009579054798382197,367.6387858810152
1063,0.0090514240398869,368.0167750472598
1064,0.00836188520050019,368.39476396506956
1065,0.007602781806799998,368.77275276167603
1066,0.006695772596370398,369.1507412442646
1067,0.005593726170481454,369.52872922034055
1068,0.00442396456028681,369.9067170045927
1069,0.003163242199575979,370.2847045079326
1070,0.0016804254030521066,370.66269121665084
1071,0.00010510119716332649,371.0406775624027
1072,-0.0015011474752959178,371.41866378912573
1073,-0.0030126592042851734,371.7966504175457
1074,-0.00436143166102138,372.17463767255606
1075,-0.005578150805880147,372.5526253864288
1076,-0.006642413882098932,372.9306135708973
1077,-0.007493764331585035,373.3086023053453
1078,-0.008249784644349199,373.68659125282767
1079,-0.00889158027702471,374.0645804217315
1080,-0.009289384279476008,374.4425699362608
1081,-0.009552976881022341,374.82055957818415
1082,-0.009727590546392703,375.19854928153904
1083,-0.009704511711546668,375.57653903425734
1084,-0.009507473146619897,375.9545287459435
1085,-0.009230134438466589,376.33251841674524
1086,-0.008802575889264079,376.7105079568675
1087,-0.008163719554267215,377.08849720820166
1088,-0.007434664493601641,377.46648630549083
1089,-0.006605350363371233,377.8444752051624
1090,-0.0055517689859569345,378.22246355520383
1091,-0.004384373226696355,378.6004515797107
1092,-0.0031694945793718917,378.97843946332057
1093,-0.0017876455857054664,379.3564267820267
1094,-0.0002592423844414958,379.73441354507264
1095,0.001278009642738658,380.1124002806576
1096,0.0027758282157988793,380.4903871828813
1097,0.0040570689969058275,380.8683748894949
1098,0.00520683420027381,381.2463630270204
1099,0.006244261638058485,381.6243514975877
1100,0.007047617235187121,382.0023405460427
1101,0.007717069910480742,382.38032986320377
1102,0.008313200932878908,382.75831931085304
1103,0.008720669383435183,383.13630901660866
1104,0.008948197619673526,383.5142988810636
1105,0.009097478117648578,383.89228879198527
1106,0.009101413866500133,384.2702787397397
1107,0.008883168656148726,384.64826863179604
1108,0.008563558641962163,385.026258458934
1109,0.00814151525660516,385.404248192693
1110,0.007495869904930964,385.7822376176809
1111,0.006719826364939881,386.16022680438607
1112,0.005882643013606506,386.53821586748154
1113,0.004876879666697774,386.916204526385
1114,0.0037082448358350486,387.2941927235216
1115,0.002502340150816986,387.6721808102087
1116,0.0011848551488141455,388.0501685309859
1117,-0.00033277645643581526,388.4281555076156
1118,-0.0019106108580547447,388.80614224411516
1119,-0.0033591566438320383,389.18412950449823
1120,-0.004581214188686364,389.5621175712156
1121,-0.00566625842335635,389.9401060622261
1122,-0.00664390095989281,390.3180948523625
1123,-0.007441223788968532,390.69608407187945
1124,-0.008052856078089053,391.0740736434119
1125,-0.008589776060843496,391.4520633343177
1126,-0.00898810095973693,391.83005320247673
1127,-0.009154851361253807,392.2080432494554
1128,-0.009211763603939957,392.58603333458547
1129,-0.009166381184412145,392.96402342686287
1130,-0.008899375958344675,393.34201343308087
1131,-0.008487665217186776,393.72000331483656
1132,-0.008003025140496035,394.0979931155098
1133,-0.007348261229356752,394.4759826650978
1134,-0.006514470936948218,394.8539718674351
1135,-0.005618858369787539,395.2319609335423
1136,-0.004607573704713401,395.60994971300966
1137,-0.0033814271872086806,395.9879378616327
1138,-0.002076369997228515,396.3659257510542
1139,-0.0007134018832918615,396.74391344104544
1140,0.000840799811035021,397.12190039799304
1141,0.002472384813773971,397.49988703366927
1142,0.0039715655753393185,397.8778742224558
1143,0.005298139718612661,398.2558620611458
1144,0.006432493812184356,398.6338505302311
1145,0.007449662981439991,399.01183933743215
1146,0.008335734091260316,399.3898284792343
1147,0.008981212180834256,399.7678181129535
1148,0.009509899170650668,400.1458079325109
1149,0.009937773855379629,400.52379788401737
1150,0.010145866273426386,400.9017880247512
1151,0.010194980383288817,401.2797782238579
1152,0.010158186544054188,401.65776842859697
1153,0.009947558848526432,402.0357585806243
1154,0.00953970732593924,402.41374857543116
1155,0.00904350665301985,402.7917384686659
1156,0.008421252620597144,403.1697281794404
1157,0.007565406064431529,403.5477174374761
1158,0.006603808916101252,403.9257064452138
1159,0.0055668321043170835,404.3036952575602
1160,0.004335636109389651,404.6816834910297
1161,0.0029715331651870127,405.0596712720203
1162,0.0015820519624117444,405.43765896432365
1163,5.6177297165989e-05,405.8156461343426
1164,-0.001638879355960847,406.19363258719966
1165,-0.0032215745369541977,406.57161953085154
1166,-0.0046574036336589795,406.94960706449797
1167,-0.005846772019947854,407.32759545753373
1168,-0.0069091036568050155,407.705584232441
1169,-0.007866515356176088,408.08357329110964
1170,-0.00861318657333505,408.46156282822284
1171,-0.009197148654494558,408.8395526550924
1172,-0.009702959959890062,409.21754259794375
1173,-0.010040464367885079,409.5955327318303
1174,-0.01017010747488267,409.97352299740703
1175,-0.010201823662046616,410.3515132870918
1176,-0.010105076137473246,410.7295035688934
1177,-0.009759311259758034,411.10749370806263
1178,-0.009287998414754091,411.48548371462925
1179,-0.008726700564698552,411.8634736013383
1180,-0.007966434357646456,412.24146314323946
1181,-0.007051602058115274,412.61945234563495
1182,-0.006078285423215171,412.997441404905
1183,-0.004961858088335951,413.375430071486
1184,-0.0036581001141384496,413.7534181412225
1185,-0.0022997841870931145,414.1314060216815
1186,-0.0008567187863234189,414.5093935908959
1187,0.000806213138092397,414.88738025954
1188,0.002554432441601244,415.26536654608515
1189,0.004161044043509679,415.6433534637595
1190,0.0055652237492587135,416.0213411903267
1191,0.006803669164460738,416.3993294988853
1192,0.00791851679721839,416.77731819480476
1193,0.008873578496925043,417.15530733080675
1194,0.00961324799044222,417.5332969522177
1195,0.01025280367613962,417.9112867587968
1196,0.01076690855863319,418.2892767593077
1197,0.011030773064815392,418.66726701979604
1198,0.01115403128716861,419.04525735471475
1199,0.011176017796592464,419.4232477114902
1200,0.010994073953590932,419.801238027487
1201,0.010635713047644596,420.1792282197395
1202,0.010188551013501362,420.55721831968566
1203,0.009586020606930049,420.9352082061863
1204,0.008772900390147475,421.3131977005945
1205,0.007867698939652158,421.6911869879362
1206,0.006859145522933976,422.06917601584803
1207,0.005624963524099736,422.447164376573
1208,0.004279705772166398,422.82515236045293
1209,0.00288696329542169,423.20314017447896
1210,0.0013270658732587092,423.58112733774277
1211,-0.0003750943977891485,423.95911388921246
1212,-0.002080169806471263,424.33710042959444
1213,-0.0036393389608183947,424.71508760201635
1214,-0.0049806012536125835,425.09307561247834
1215,-0.006184799879263937,425.47106408642776
1216,-0.0072711291571889835,425.84905291946257
1217,-0.008118850340247404,426.22704236486925
1218,-0.008830294677016006,426.6050320932471
1219,-0.00945925712329729,426.9830219697562
1220,-0.009893628550417515,427.36101212183206
1221,-0.010145725779610855,427.73900244126196
1222,-0.010310570940294892,428.11699281063136
1223,-0.010322711485739273,428.4949832175469
1224,-0.010110876255710657,428.872973567073
1225,-0.009791455584849748,429.2509638427479
1226,-0.009360884141876441,429.62895400988447
1227,-0.008701187131256803,430.00694384828927
1228,-0.007907762251419266,430.38493343133683
1229,-0.007043513057178844,430.76292286075477
1230,-0.006005369754320449,431.14091185422484
1231,-0.004803662485462641,431.5189003647094
1232,-0.0035578019858287097,431.89688873385353
1233,-0.002195918800224642,432.2748767043685
1234,-0.0006352393130985839,432.6528639079195
1235,0.0009847513490519625,433.03085086347954
1236,0.0026632951057699405,433.4088375650903
1237,0.004115473033004048,433.78682520566815
1238,0.005420698832483955,434.16481338374876
1239,0.006598833250750865,434.54280198080113
1240,0.007592769634087284,434.92079110855286
1241,0.008401304675630375,435.2987806798
1242,0.009120603066800882,435.6767704328222
1243,0.009695949298525923,436.0547604337786
1244,0.010038625861419459,436.4327507186706
1245,0.010267260677278647,436.81074109112353
1246,0.010385094551031213,437.18873151571734
1247,0.010274430795312582,437.56672194382253
1248,0.010013950312676604,437.944712299704
1249,0.009667779645978392,438.3227025881339
1250,0.009142639303523927,438.70069267158726
1251,0.00843382657494374,439.0786824565209
1252,0.007649646487850991,439.456672093876
1253,0.006739143755257989,439.8346614493031
1254,0.0056106383993176166,440.2126502179734
1255,0.0043953942223426065,440.5906387189485
1256,0.003110461638912233,440.96862699065485
1257,0.001628343575427796,441.34661454180696
1258,3.05948803881401e-05,441.72460162305276
1259,-0.0015760130236110602,442.10258866790986
1260,-0.0030570665554465913,442.48057622672326
1261,-0.004350545303836178,442.8585644750963
1262,-0.005514182563088053,443.23655314660846
1263,-0.006549297455587871,443.6145421930344
1264,-0.007348445147710934,443.9925318130922
1265,-0.008039773894682497,444.3705216468056
1266,-0.008636929220850053,444.74851164209576
1267,-0.009014674077570483,445.12650192139
1268,-0.00923901197236631,445.5044923239046
1269,-0.009384389023673334,445.88248276606595
1270,-0.009355771856264898,446.26047323611857
1271,-0.009132756405238593,446.6384636424705
1272,-0.008824861924281911,447.01645399020765
1273,-0.008389143530526524,447.394444213194
1274,-0.0077206474100859875,447.77243409714623
1275,-0.006946488181478612,448.1504237804174
1276,-0.006092583712881992,448.5284132928976
1277,-0.005039540969919537,448.9064023039896
1278,-0.0038523993301749224,449.2843909186314
1279,-0.002632061232308907,449.6623794284695
1280,-0.0012697674106677635,450.0403674542486
1281,0.0002621741360984437,450.4183548314267
1282,0.001823184957482406,450.7963420905533
1283,0.0032533558155839045,451.1743298682473
1284,0.0044411824172370905,451.5523184860558
1285,0.005502976841370105,451.9303074797575
1286,0.0064604583461956595,452.3082967529264
1287,0.007208062649221638,452.68628650029575
1288,0.007799721974433659,453.06427652475026
1289,0.00832367058105745,453.44226664993573
1290,0.008682176006550925,453.82025696904236
1291,0.008839103029299755,454.1982474263766
1292,0.008908626914583934,454.57623791067283
1293,0.008854360972737898,454.95422839823874
1294,0.008556444856730244,455.33221877305965
1295,0.008140916171356512,455.71020903763844
1296,0.007641761478328951,456.08819920177956
1297,0.006944300762521418,456.4661890527637
1298,0.006097627861047382,456.84417859969903
1299,0.005200107918012029,457.22216803003766
1300,0.004159484846538086,457.60015709420384
1301,0.0029348915253020573,457.97814560782064
1302,0.0016608920826431113,458.3561339588363
1303,0.0003008454587838916,458.73412201072165
1304,-0.0012817658999248578,459.112109196942
1305,-0.002833850600734719,459.49009651041035
1306,-0.004249785310782394,459.86808435907386
1307,-0.005462502456366157,460.246072915009
1308,-0.00651342443429051,460.62406195605416
1309,-0.007457216030968291,461.0020512804079
1310,-0.008241799415616589,461.38004096938334
1311,-0.00881609933970346,461.75803103696677
1312,-0.009297473621384418,462.1360212349276
1313,-0.009657247598669162,462.5140115687939
1314,-0.00976860234978123,462.8920020580741
1315,-0.009748387276869424,463.26999256380753
1316,-0.009636394768005792,463.6479830540751
1317,-0.009324540254628548,464.0259734328656
1318,-0.008845849030066799,464.4039636377616
1319,-0.008293209806787636,464.7819537423391
1320,-0.007591701319971161,465.15994360050377
1321,-0.006688492221527183,465.5379330310686
1322,-0.005708202787704314,465.9159222701335
1323,-0.004633406552105068,466.29391125282365
1324,-0.0033357536536845565,466.67189953666343
1325,-0.001937292522450487,467.0498874615048
1326,-0.0005028483952096113,467.42787525202317
1327,0.0010975454995473745,467.805862376853
1328,0.002709230596150378,468.18384945421275
1329,0.004183711362870415,468.56183709219033
1330,0.005509218465248784,468.9398252824309
1331,0.006618890787899815,469.3178141684134
1332,0.007611115383846368,469.69580338142543
1333,0.008492889376031237,470.07379286870975
1334,0.009132856909360415,470.4517828432062
1335,0.00963562146018227,470.82977302556185
1336,0.010049543774081376,471.2077633161049
1337,0.010265988351081161,471.58575377176606
1338,0.010302302879498655,471.96374428810094
1339,0.010251063105113546,472.3417348031499
1340,0.010046472319975209,472.71972526674097
1341,0.009622530349725041,473.0977155483924
1342,0.009096491377911312,473.47570570217346
1343,0.0084624989123716,473.85369569072463
1344,0.007601024076605014,474.2316852296902
1345,0.006613892584573876,474.6096744617973
1346,0.0055649866225190876,474.9876635279373
1347,0.004345363490979616,475.36565208219287
1348,0.002970166901855346,475.743640102854
1349,0.0015658589887248796,476.1216280168735
1350,4.8912576969799325e-05,476.4996154960209
1351,-0.0016608012143959933,476.8776021527785
1352,-0.003256725730964266,477.25558930747945
1353,-0.004704520113645999,477.6335770589584
1354,-0.005919357439649256,478.0115656313069
1355,-0.00699843360434721,478.3895546159695
1356,-0.007970306227992642,478.767543891833
1357,-0.008754042711575465,479.1455336049609
1358,-0.009352676338183673,479.52352365691627
1359,-0.009868407590445988,479.90151383142285
1360,-0.01023605922799889,480.27950417930793
1361,-0.010373098528665912,480.6574946814885
1362,-0.010396458591387065,481.03548520812416
1363,-0.010307245982518674,481.4134757252851
1364,-0.00998870125570272,481.79146611907714
1365,-0.009524677390683085,482.1694563625969
1366,-0.008978484958031564,482.5474464966345
1367,-0.008254739746567747,482.9254363327245
1368,-0.007353806103525395,483.3034257883298
1369,-0.006386978913152433,483.68141508144316
1370,-0.005297781972127247,484.05940404205364
1371,-0.003997478069179928,484.43739233569573
1372,-0.0026206231574667574,484.8153803585429
1373,-0.0011801823907528505,485.19336814471825
1374,0.0004560845609081212,485.5713551341994
1375,0.002201577031244417,485.94934163535953
1376,0.003808075528265475,486.3273287531029
1377,0.005236415869953679,486.70531658633655
1378,0.006476362416923533,487.0833050847995
1379,0.007590444899508409,487.4612939754622
1380,0.008567864147077772,487.83928324448954
1381,0.00930793867952475,488.2172730530021
1382,0.009932789125194541,488.5952630698156
1383,0.010450841191164364,488.97325324834884
1384,0.01074242321183981,489.35124366968216
1385,0.010875847354905481,489.72923418018456
1386,0.010917084937720551,490.10722471223676
1387,0.010776760860774934,490.48521522073946
1388,0.010439967671991332,490.86320560549086
1389,0.010009907201782341,491.2411958958756
1390,0.00944486077922421,491.6191860088158
1391,0.008647380184895963,491.9971757030685
1392,0.007741875506489263,492.37516515421
1393,0.00675073158256259,492.7531543907249
1394,0.0055574589800608375,493.1311430434118
1395,0.004231768537342339,493.50913125509913
1396,0.002869709446622068,493.8871193377062
1397,0.0013639810430551836,494.26510687552457
1398,-0.00030778675160588083,494.64309371566657
1399,-0.002004949664419345,495.02108044285194
1400,-0.003559114850255789,495.39906778526057
1401,-0.004871692813444747,495.7770560440039
1402,-0.006047421996101815,496.15504475339355
1403,-0.007107796950191736,496.53303380419356
1404,-0.007953504489488283,496.9110233964459
1405,-0.00864237298468635,497.289013307268
1406,-0.009254813082027656,497.6670033498477
1407,-0.009695620908997888,498.0449936317437
1408,-0.009933327707770527,498.4229840961212
1409,-0.010076875228870623,498.80097460817495
1410,-0.010088415831538102,499.1789651474976
1411,-0.00985466446038649,499.55695561490535
1412,-0.009498031994824543,499.93494598653234
1413,-0.009047083897813182,500.31293625758735
1414,-0.008390884046894495,500.69092622822603
1415,-0.00758204797603862,501.0689159032431
1416,-0.0067101803038632606,501.4469054383023
1417,-0.005687986066076224,501.8248945968992
1418,-0.0044805917881542,502.20288320946025
1419,-0.0032173473377967634,502.58087163966366
1420,-0.0018615891848532719,502.95885974952944
1421,-0.0002841102139984771,503.3368469992673
1422,0.0013758670514088928,503.7148338958691
1423,0.0029931369089822475,504.0928209777738
1424,0.004406188584435046,504.4708088784444
1425,0.005660203288779571,504.84879734035036
1426,0.0067902591208944965,505.2267861933313
1427,0.00775907859889273,505.6047754941169
1428,0.008519803320886013,505.98276527113705
1429,0.009190463012649175,506.36075521883714
1430,0.009737298605944163,506.7387453661018
1431,0.010031873333086793,507.11673579427975
1432,0.010194567807588132,507.49472630237193
1433,0.010260718077545786,507.87271683983164
1434,0.010121536781340552,508.2507073575959
1435,0.009813451458738949,508.6286977755691
1436,0.009423530219441012,509.0066881181195
1437,0.008877115285520494,509.38467826697666
1438,0.008126408506150663,509.7626680654408
1439,0.007290617976789822,510.14065768548056
1440,0.006350276669658657,510.5186470600148
1441,0.00518018129450484,510.89663579328203
1442,0.0039045267881949878,511.2746241851702
1443,0.0025801847562341206,511.65261240973575
1444,0.0010837918340015939,512.0305999924608
1445,-0.0005503803471818192,512.4085870047516
1446,-0.0021832285207970563,512.7865740228858
1447,-0.00366814895643062,513.1645616512194
1448,-0.0049406352773925105,513.5425500545207
1449,-0.006082521418572221,513.9205388750385
1450,-0.007112562977230577,514.2985280170021
1451,-0.00790011995591438,514.6765177420854
1452,-0.008556872951922452,515.0545077171846
1453,-0.009130992541935576,515.4324978269378
1454,-0.009507358914507727,515.8104881854343
1455,-0.009707574515714324,516.1884786783891
1456,-0.009825095255456408,516.566469206208
1457,-0.009788197382999655,516.9444597506016
1458,-0.009533843787387987,517.3224502113228
1459,-0.009178898343444432,517.7004405910737
1460,-0.008713069157607133,518.0784308505401
1461,-0.00801551900081638,518.456420753512
1462,-0.00719158190173141,518.8344104022173
1463,-0.006300164052612933,519.2123998979044
1464,-0.005232554369535327,519.5903889371094
1465,-0.004008284879777901,519.9683775014693
1466,-0.002747793429600483,520.3463659468697
1467,-0.001368731006320458,520.7243539783641
1468,0.00020318934061429816,521.1023412571224
1469,0.00182784281136913,521.4803283129952
1470,0.0033184815260012346,521.8583159212199
1471,0.004575065598906787,522.2363043800907
1472,0.005700487246018787,522.6142932523295
1473,0.006715587978170952,522.9922824370256
1474,0.00754295519095833,523.3702720793515
1475,0.008190773734508655,523.7482620721265
1476,0.008763676082833195,524.1262521859575
1477,0.009190774931511391,524.504242492739
1478,0.009392196204393913,524.8822329872307
1479,0.009487401726621464,525.2602235234804
1480,0.00947364118902433,525.6382140715501
1481,0.009230267754981852,526.0162045416006
1482,0.008846546313940221,526.3941948953095
1483,0.008385026744063911,526.7721851621125
1484,0.007745265958611408,527.1501751693378
1485,0.0069316816186259095,527.5281648424692
1486,0.006056131864466092,527.9061543772224
1487,0.005056721319328692,528.284143604853
1488,0.0038483634460244054,528.6621322223442
1489,0.0025657387908761082,529.0401205951949
1490,0.001216926342934378,529.4181087377277
1491,-0.0003310487381203873,529.796096117169
1492,-0.001986742854263698,530.1740830401882
1493,-0.0035110423712573884,530.5520705159856
1494,-0.004855899045900612,530.9300586728909
1495,-0.006016049084550405,531.3080474419078
1496,-0.007057644815090175,531.6860365562744
1497,-0.007962686713589698,532.0640260223315
1498,-0.008634681870089787,532.4420159746087
1499,-0.009197297305708821,532.8200061055809
1500,-0.009656148620768721,533.1979963768207
1501,-0.00988896482862626,533.5759868549287
1502,-0.00996980659857805,533.953977396153
1503,-0.00996527488048643,534.3319679460564
1504,-0.009781008714162643,534.7099584511333
1505,-0.009406385721585626,535.0879488155409
1506,-0.00894733126580751,535.4659390868986
1507,-0.00835661164707903,535.8439291754808
1508,-0.007539018043712964,536.2219188414773
1509,-0.006621409510235154,536.5999082779659
1510,-0.005623145790259792,536.9778975101069
1511,-0.0044231186181958315,537.3558861555999
1512,-0.003096436014965894,537.7338743778258
1513,-0.0017412915777222178,538.1118624991376
1514,-0.00024199579671508134,538.489850076211
1515,0.0014197969210254316,538.8678369738604
1516,0.0030262891558137973,539.2458241106415
1517,0.0044894861051836005,539.6238118293346
1518,0.005713507430358045,540.0018003982602
1519,0.006808302619126329,540.3797893636128
1520,0.007795247729662025,540.7577786260023
1521,0.008564357747798183,541.1357683944476
1522,0.009177287021274093,541.5137584484622
1523,0.009711592617990228,541.89174862184
1524,0.010070863646450379,542.2697390021576
1525,0.010228638380042029,542.6477295203337
1526,0.010291529806952346,543.0257200662519
1527,0.010219767084229135,543.4037106106356
1528,0.009905268642835629,543.781701031041
1529,0.009469898023752128,544.1596913315962
1530,0.008939298458497863,544.5376815105146
1531,0.008201992066667455,544.9156713427943
1532,0.007315484479258811,545.2936608546388
1533,0.00636810522632986,545.6716502188608
1534,0.00526972916989369,546.0496391745118
1535,0.003990127881128843,546.4276275601482
1536,0.0026596697661177846,546.805615770239
1537,0.001236469030122254,547.1836036425535
1538,-0.0004047157382500628,547.5615906312978
1539,-0.00212439712724259,547.9395772711056
1540,-0.0037043308639302924,548.3175645209121
1541,-0.005075241449164335,548.6955525866499
1542,-0.006288586907466709,549.0735411910518
1543,-0.007381366482142486,549.4515301632803
1544,-0.00830922356294586,549.8295195763632
1545,-0.009030180440242038,550.2075094407386
1546,-0.009659331212282572,550.5854994691073
1547,-0.010160490041605333,550.9634896888801
1548,-0.010408183812067115,551.3414801597635
1549,-0.010524109321572538,551.7194706940611
1550,-0.010540028164139325,552.0974612458349
1551,-0.010347594799950968,552.4754517489945
1552,-0.009987692488005646,552.8534421298315
1553,-0.00954469857564091,553.2314324224538
1554,-0.008942778189705182,553.6094224954413
1555,-0.008138971532698689,553.9874121930585
1556,-0.007251637502430136,554.3654017038555
1557,-0.006258151817123701,554.7433909505869
1558,-0.005033023373259566,555.1213795175336
1559,-0.003705371196897603,555.4993677383094
1560,-0.002328576209417642,555.8773557833114
1561,-0.0007780389143644869,556.2553431555684
1562,0.0009070330319009294,556.6333299520401
1563,0.002586768064421305,557.0113167722958
1564,0.004115376235832088,557.3893042339607
1565,0.005433162217473686,557.7672924894407
1566,0.006616530201782329,558.145281189672
1567,0.007684026524263152,558.5232702349304
1568,0.00850517987583629,558.9012598956513
1569,0.009194981419905124,559.2792498189289
1570,0.009796394661355295,559.6572398932011
1571,0.010195440552547945,560.0352302353116
1572,0.01041782608803068,560.413220722667
1573,0.010552163364603942,560.7912112515959
1574,0.010526699385687168,561.1692018035645
1575,0.010283605668274336,561.5471922782472
1576,0.009936480881986023,561.9251826717347
1577,0.009472389580706932,562.3031729397346
1578,0.008772068288899284,562.6811628439016
1579,0.007943913652861286,563.0591524896333
1580,0.0070417916881817385,563.4371419660937
1581,0.0059590842285411234,563.8151309684487
1582,0.00472012961545306,564.1931194909807
1583,0.0034403051737107457,564.5711078773653
1584,0.0020380428189098066,564.949095829382
1585,0.0004447631587199913,565.3270830245177
1586,-0.001199799605843134,565.70507000003
1587,-0.002856814017435589,566.0830569211843
1588,-0.004279146317514814,566.4610447983017
1589,-0.005556153617443643,566.839033194348
1590,-0.0067085307099872885,567.2170219909234
1591,-0.007669480182866043,567.5950113226531
1592,-0.008451860930359729,567.9730010661933
1593,-0.009147823750572886,568.3509909787473
1594,-0.00969336131037444,568.7289811383558
1595,-0.010013233835178843,569.106971556315
1596,-0.01022431258370811,569.4849620507036
1597,-0.010319935228313537,569.8629525919525
1598,-0.010180326552250336,570.240943119534
1599,-0.009897352319313405,570.6189335669953
1600,-0.009527530154807942,570.9969239394817
1601,-0.008972609944808588,571.3749140855681
1602,-0.008241337142106994,571.752903931634
1603,-0.007438630518797513,572.1308936327699
1604,-0.006504119653583649,572.5088830310416
1605,-0.005359292255282381,572.8868718508498
1606,-0.004135117773707975,573.2648604220262
1607,-0.002836257654795527,573.6428487439606
1608,-0.00133326814028787,574.0208363093537
1609,0.00027760149250273276,574.3988234304057
1610,0.0019023381447905458,574.7768104921231
1611,0.0033483667764363425,575.1547982797679
1612,0.004613184654533622,575.5327867172306
1613,0.00575119377098975,575.9107755577634
1614,0.006753274280638042,576.2887647831108
1615,0.007526412774365582,576.6667545460845
1616,0.00819731068689562,577.0447445043689
1617,0.008767894085036008,577.4227346274067
1618,0.009111749940437551,577.8007250247109
1619,0.009308374997681682,578.1787155272914
1620,0.009423987347782289,578.556706063347
1621,0.009358905390057511,578.9346966114948
1622,0.009106351908829018,579.3126870808885
1623,0.008772253740401949,579.6906774870168
1624,0.00830459161123151,580.0686677515072
1625,0.007611582033523568,580.446657670031
1626,0.006819492414366191,580.8246473939289
1627,0.005943317823377923,581.2026369322853
1628,0.004861281403767753,581.5806259374112
1629,0.003652712214437981,581.9586145591574
1630,0.0024102981459112904,582.3366030711869
1631,0.001019208027641257,582.7145910653046
1632,-0.0005337483148258138,583.0925784290685
1633,-0.002107651879189555,583.4705657062033
1634,-0.003548727708737591,583.8485535130941
1635,-0.004754463748506236,584.226542143965
1636,-0.005833213922299721,584.6045311585864
1637,-0.006806006401947939,584.9825204607636
1638,-0.007560842271935245,585.3605102610458
1639,-0.008165304171077336,585.7385003317213
1640,-0.008698829329380082,586.1164905091906
1641,-0.009058707480635753,586.4944808918841
1642,-0.009222657434614971,586.8724714103499
1643,-0.00930021171704198,587.250461956427
1644,-0.009246021921439683,587.6284525065868
1645,-0.008954082113848367,588.0064429479025
1646,-0.008548321348936305,588.3844332841829
1647,-0.008051811850033322,588.7624235121647
1648,-0.007348680295529453,589.1404134122748
1649,-0.006501553828797135,589.5184030171107
1650,-0.005599733375005067,589.8963924954232
1651,-0.004546636623727436,590.2743815825542
1652,-0.0033159594462569136,590.6523701332328
1653,-0.00203988167593383,591.030358533377
1654,-0.0006698520132302451,591.4083466046758
1655,0.0009156949595177479,591.7863338333934
1656,0.0025734106114890104,592.1643207525043
