<?xml version="1.0" encoding="utf-8"?>
<ArrayOfSoftware xmlns:xsd="http://www.w3.org/2001/XMLSchema" xmlns:xsi="http://www.w3.org/2001/XMLSchema-instance">
  <software>
    <url>http://firmware.ardupilot.org/Plane/stable/apm1-1280/ArduPlane.hex</url>
    <url2560>http://firmware.ardupilot.org/Plane/stable/apm1/ArduPlane.hex</url2560>
    <url2560_2>http://firmware.ardupilot.org/Plane/stable/apm2/ArduPlane.hex</url2560_2>
    <urlpx4v1>http://firmware.ardupilot.org/Plane/stable/PX4/ArduPlane-v1.px4</urlpx4v1>
    <urlpx4v2>http://firmware.ardupilot.org/Plane/stable/PX4/ArduPlane-v2.px4</urlpx4v2>
    <urlpx4v3>http://firmware.ardupilot.org/Plane/stable/PX4/ArduPlane-v3.px4</urlpx4v3>
    <urlpx4v4>http://firmware.ardupilot.org/Plane/stable/PX4/ArduPlane-v4.px4</urlpx4v4>
    <urlvrbrainv40 />
    <urlvrbrainv45>http://www.radionav.it/portale/MissionPlanner/firmware/Plane/stable/VRX/ArduPlane-vrbrain-v45.vrx</urlvrbrainv45>
    <urlvrbrainv50 />
    <urlvrbrainv51>http://www.radionav.it/portale/MissionPlanner/firmware/Plane/stable/VRX/ArduPlane-vrbrain-v51.vrx</urlvrbrainv51>
    <urlvrbrainv52>http://www.radionav.it/portale/MissionPlanner/firmware/Plane/stable/VRX/ArduPlane-vrbrain-v52.vrx</urlvrbrainv52>
    <urlvrcorev10>http://www.radionav.it/portale/MissionPlanner/firmware/Plane/stable/VRX/ArduPlane-vrcore-v10.vrx</urlvrcorev10>
    <urlvrubrainv51>http://www.radionav.it/portale/MissionPlanner/firmware/Plane/stable/VRX/ArduPlane-vrubrain-v51.vrx</urlvrubrainv51>
    <urlvrubrainv52>http://www.radionav.it/portale/MissionPlanner/firmware/Plane/stable/VRX/ArduPlane-vrubrain-v52.vrx</urlvrubrainv52>
    <urlbebop2 />
    <urldisco>http://firmware.ardupilot.org/Plane/stable/disco/arduplane</urldisco>
    <name>ArduPlane V3.8.3</name>
    <desc>ArduPlane Stable</desc>
    <k_format_version>13</k_format_version>
  </software>
  <software>
    <url />
    <url2560 />
    <url2560_2 />
    <urlpx4v1>http://firmware.ardupilot.org/Sub/stable/PX4/ArduSub-v1.px4</urlpx4v1>
    <urlpx4v2>http://firmware.ardupilot.org/Sub/stable/PX4/ArduSub-v2.px4</urlpx4v2>
    <urlpx4v3>http://firmware.ardupilot.org/Sub/stable/PX4/ArduSub-v3.px4</urlpx4v3>
    <urlpx4v4>http://firmware.ardupilot.org/Sub/stable/PX4/ArduSub-v4.px4</urlpx4v4>
    <urlvrbrainv40 />
    <urlvrbrainv45 />
    <urlvrbrainv50 />
    <urlvrbrainv51 />
    <urlvrbrainv52 />
    <urlvrcorev10 />
    <urlvrubrainv51 />
    <urlvrubrainv52 />
    <urlbebop2 />
    <urldisco />
    <name>ArduSub V3.5.2</name>
    <desc>ArduSub Stable</desc>
    <k_format_version>13</k_format_version>
  </software>
  <software>
    <url>http://firmware.ardupilot.org/Rover/stable/apm1-1280/APMrover2.hex</url>
    <url2560>http://firmware.ardupilot.org/Rover/stable/apm1/APMrover2.hex</url2560>
    <url2560_2>http://firmware.ardupilot.org/Rover/stable/apm2/APMrover2.hex</url2560_2>
    <urlpx4v1>http://firmware.ardupilot.org/Rover/stable/PX4/APMrover2-v1.px4</urlpx4v1>
    <urlpx4v2>http://firmware.ardupilot.org/Rover/stable/PX4/APMrover2-v2.px4</urlpx4v2>
    <urlpx4v3>http://firmware.ardupilot.org/Rover/stable/PX4/APMrover2-v3.px4</urlpx4v3>
    <urlpx4v4>http://firmware.ardupilot.org/Rover/stable/PX4/APMrover2-v4.px4</urlpx4v4>
    <urlvrbrainv40 />
    <urlvrbrainv45>http://www.radionav.it/portale/MissionPlanner/firmware/Rover/stable/VRX/APMrover2-vrbrain-v45.vrx</urlvrbrainv45>
    <urlvrbrainv50 />
    <urlvrbrainv51>http://www.radionav.it/portale/MissionPlanner/firmware/Rover/stable/VRX/APMrover2-vrbrain-v51.vrx</urlvrbrainv51>
    <urlvrbrainv52>http://www.radionav.it/portale/MissionPlanner/firmware/Rover/stable/VRX/APMrover2-vrbrain-v52.vrx</urlvrbrainv52>
    <urlvrcorev10>http://www.radionav.it/portale/MissionPlanner/firmware/Rover/stable/VRX/APMrover2-vrcore-v10.vrx</urlvrcorev10>
    <urlvrubrainv51>http://www.radionav.it/portale/MissionPlanner/firmware/Rover/stable/VRX/APMrover2-vrubrain-v51.vrx</urlvrubrainv51>
    <urlvrubrainv52>http://www.radionav.it/portale/MissionPlanner/firmware/Rover/stable/VRX/APMrover2-vrubrain-v52.vrx</urlvrubrainv52>
    <urlbebop2 />
    <urldisco />
    <name>APM:Rover v3.1.2</name>
    <desc>ArduRover Stable</desc>
    <k_format_version>16</k_format_version>
  </software>
  <software>
    <url />
    <url2560>http://firmware.ardupilot.org/Copter/stable/apm1-quad/ArduCopter.hex</url2560>
    <url2560_2>http://firmware.ardupilot.org/Copter/stable/apm2-quad/ArduCopter.hex</url2560_2>
    <urlpx4v1>http://firmware.ardupilot.org/Copter/stable/PX4/ArduCopter-v1.px4</urlpx4v1>
    <urlpx4v2>http://firmware.ardupilot.org/Copter/stable/PX4/ArduCopter-v2.px4</urlpx4v2>
    <urlpx4v3>http://firmware.ardupilot.org/Copter/stable/PX4/ArduCopter-v3.px4</urlpx4v3>
    <urlpx4v4>http://firmware.ardupilot.org/Copter/stable/PX4/ArduCopter-v4.px4</urlpx4v4>
    <urlvrbrainv40 />
    <urlvrbrainv45>http://www.radionav.it/portale/MissionPlanner/firmware/Copter/stable/VRX-quad/ArduCopter-vrbrain-v45.vrx</urlvrbrainv45>
    <urlvrbrainv50 />
    <urlvrbrainv51>http://www.radionav.it/portale/MissionPlanner/firmware/Copter/stable/VRX-quad/ArduCopter-vrbrain-v51.vrx</urlvrbrainv51>
    <urlvrbrainv52>http://www.radionav.it/portale/MissionPlanner/firmware/Copter/stable/VRX-quad/ArduCopter-vrbrain-v52.vrx</urlvrbrainv52>
    <urlvrcorev10>http://www.radionav.it/portale/MissionPlanner/firmware/Copter/stable/VRX-quad/ArduCopter-vrcore-v10.vrx</urlvrcorev10>
    <urlvrubrainv51>http://www.radionav.it/portale/MissionPlanner/firmware/Copter/stable/VRX-quad/ArduCopter-vrubrain-v51.vrx</urlvrubrainv51>
    <urlvrubrainv52>http://www.radionav.it/portale/MissionPlanner/firmware/Copter/stable/VRX-quad/ArduCopter-vrubrain-v52.vrx</urlvrubrainv52>
    <urlbebop2>http://firmware.ardupilot.org/Copter/stable/bebop-quad/arducopter-quad</urlbebop2>
    <urldisco />
    <name>APM:Copter V3.5.4</name>
    <desc>ArduCopter Quad Stable</desc>
    <k_format_version>120</k_format_version>
  </software>
  <software>
    <url />
    <url2560>http://firmware.ardupilot.org/Copter/stable/apm1-tri/ArduCopter.hex</url2560>
    <url2560_2>http://firmware.ardupilot.org/Copter/stable/apm2-tri/ArduCopter.hex</url2560_2>
    <urlpx4v1>http://firmware.ardupilot.org/Copter/stable/PX4/ArduCopter-v1.px4</urlpx4v1>
    <urlpx4v2>http://firmware.ardupilot.org/Copter/stable/PX4/ArduCopter-v2.px4</urlpx4v2>
    <urlpx4v3>http://firmware.ardupilot.org/Copter/stable/PX4/ArduCopter-v3.px4</urlpx4v3>
    <urlpx4v4>http://firmware.ardupilot.org/Copter/stable/PX4/ArduCopter-v4.px4</urlpx4v4>
    <urlvrbrainv40 />
    <urlvrbrainv45>http://www.radionav.it/portale/MissionPlanner/firmware/Copter/stable/VRX-tri/ArduCopter-vrbrain-v45.vrx</urlvrbrainv45>
    <urlvrbrainv50 />
    <urlvrbrainv51>http://www.radionav.it/portale/MissionPlanner/firmware/Copter/stable/VRX-tri/ArduCopter-vrbrain-v51.vrx</urlvrbrainv51>
    <urlvrbrainv52>http://www.radionav.it/portale/MissionPlanner/firmware/Copter/stable/VRX-tri/ArduCopter-vrbrain-v52.vrx</urlvrbrainv52>
    <urlvrcorev10>http://www.radionav.it/portale/MissionPlanner/firmware/Copter/stable/VRX-tri/ArduCopter-vrcore-v10.vrx</urlvrcorev10>
    <urlvrubrainv51>http://www.radionav.it/portale/MissionPlanner/firmware/Copter/stable/VRX-tri/ArduCopter-vrubrain-v51.vrx</urlvrubrainv51>
    <urlvrubrainv52>http://www.radionav.it/portale/MissionPlanner/firmware/Copter/stable/VRX-tri/ArduCopter-vrubrain-v52.vrx</urlvrubrainv52>
    <urlbebop2 />
    <urldisco />
    <name>APM:Copter V3.5.4</name>
    <desc>ArduCopter Tri Stable</desc>
    <k_format_version>120</k_format_version>
  </software>
  <software>
    <url />
    <url2560>http://firmware.ardupilot.org/Copter/stable/apm1-hexa/ArduCopter.hex</url2560>
    <url2560_2>http://firmware.ardupilot.org/Copter/stable/apm2-hexa/ArduCopter.hex</url2560_2>
    <urlpx4v1>http://firmware.ardupilot.org/Copter/stable/PX4/ArduCopter-v1.px4</urlpx4v1>
    <urlpx4v2>http://firmware.ardupilot.org/Copter/stable/PX4/ArduCopter-v2.px4</urlpx4v2>
    <urlpx4v3>http://firmware.ardupilot.org/Copter/stable/PX4/ArduCopter-v3.px4</urlpx4v3>
    <urlpx4v4>http://firmware.ardupilot.org/Copter/stable/PX4/ArduCopter-v4.px4</urlpx4v4>
    <urlvrbrainv40 />
    <urlvrbrainv45>http://www.radionav.it/portale/MissionPlanner/firmware/Copter/stable/VRX-hexa/ArduCopter-vrbrain-v45.vrx</urlvrbrainv45>
    <urlvrbrainv50 />
    <urlvrbrainv51>http://www.radionav.it/portale/MissionPlanner/firmware/Copter/stable/VRX-hexa/ArduCopter-vrbrain-v51.vrx</urlvrbrainv51>
    <urlvrbrainv52>http://www.radionav.it/portale/MissionPlanner/firmware/Copter/stable/VRX-hexa/ArduCopter-vrbrain-v52.vrx</urlvrbrainv52>
    <urlvrcorev10>http://www.radionav.it/portale/MissionPlanner/firmware/Copter/stable/VRX-hexa/ArduCopter-vrcore-v10.vrx</urlvrcorev10>
    <urlvrubrainv51>http://www.radionav.it/portale/MissionPlanner/firmware/Copter/stable/VRX-hexa/ArduCopter-vrubrain-v51.vrx</urlvrubrainv51>
    <urlvrubrainv52>http://www.radionav.it/portale/MissionPlanner/firmware/Copter/stable/VRX-hexa/ArduCopter-vrubrain-v52.vrx</urlvrubrainv52>
    <urlbebop2 />
    <urldisco />
    <name>APM:Copter V3.5.4</name>
    <desc>ArduCopter Hexa Stable</desc>
    <k_format_version>120</k_format_version>
  </software>
  <software>
    <url />
    <url2560>http://firmware.ardupilot.org/Copter/stable/apm1-y6/ArduCopter.hex</url2560>
    <url2560_2>http://firmware.ardupilot.org/Copter/stable/apm2-y6/ArduCopter.hex</url2560_2>
    <urlpx4v1>http://firmware.ardupilot.org/Copter/stable/PX4/ArduCopter-v1.px4</urlpx4v1>
    <urlpx4v2>http://firmware.ardupilot.org/Copter/stable/PX4/ArduCopter-v2.px4</urlpx4v2>
    <urlpx4v3>http://firmware.ardupilot.org/Copter/stable/PX4/ArduCopter-v3.px4</urlpx4v3>
    <urlpx4v4>http://firmware.ardupilot.org/Copter/stable/PX4/ArduCopter-v4.px4</urlpx4v4>
    <urlvrbrainv40 />
    <urlvrbrainv45>http://www.radionav.it/portale/MissionPlanner/firmware/Copter/stable/VRX-y6/ArduCopter-vrbrain-v45.vrx</urlvrbrainv45>
    <urlvrbrainv50 />
    <urlvrbrainv51>http://www.radionav.it/portale/MissionPlanner/firmware/Copter/stable/VRX-y6/ArduCopter-vrbrain-v51.vrx</urlvrbrainv51>
    <urlvrbrainv52>http://www.radionav.it/portale/MissionPlanner/firmware/Copter/stable/VRX-y6/ArduCopter-vrbrain-v52.vrx</urlvrbrainv52>
    <urlvrcorev10>http://www.radionav.it/portale/MissionPlanner/firmware/Copter/stable/VRX-y6/ArduCopter-vrcore-v10.vrx</urlvrcorev10>
    <urlvrubrainv51>http://www.radionav.it/portale/MissionPlanner/firmware/Copter/stable/VRX-y6/ArduCopter-vrubrain-v51.vrx</urlvrubrainv51>
    <urlvrubrainv52>http://www.radionav.it/portale/MissionPlanner/firmware/Copter/stable/VRX-y6/ArduCopter-vrubrain-v52.vrx</urlvrubrainv52>
    <urlbebop2 />
    <urldisco />
    <name>APM:Copter V3.5.4</name>
    <desc>ArduCopter Y6 Stable</desc>
    <k_format_version>120</k_format_version>
  </software>
  <software>
    <url />
    <url2560>http://firmware.ardupilot.org/Copter/stable/apm1-octa-quad/ArduCopter.hex</url2560>
    <url2560_2>http://firmware.ardupilot.org/Copter/stable/apm2-octa-quad/ArduCopter.hex</url2560_2>
    <urlpx4v1>http://firmware.ardupilot.org/Copter/stable/PX4/ArduCopter-v1.px4</urlpx4v1>
    <urlpx4v2>http://firmware.ardupilot.org/Copter/stable/PX4/ArduCopter-v2.px4</urlpx4v2>
    <urlpx4v3>http://firmware.ardupilot.org/Copter/stable/PX4/ArduCopter-v3.px4</urlpx4v3>
    <urlpx4v4>http://firmware.ardupilot.org/Copter/stable/PX4/ArduCopter-v4.px4</urlpx4v4>
    <urlvrbrainv40 />
    <urlvrbrainv45>http://www.radionav.it/portale/MissionPlanner/firmware/Copter/stable/VRX-octa-quad/ArduCopter-vrbrain-v45.vrx</urlvrbrainv45>
    <urlvrbrainv50 />
    <urlvrbrainv51>http://www.radionav.it/portale/MissionPlanner/firmware/Copter/stable/VRX-octa-quad/ArduCopter-vrbrain-v51.vrx</urlvrbrainv51>
    <urlvrbrainv52>http://www.radionav.it/portale/MissionPlanner/firmware/Copter/stable/VRX-octa-quad/ArduCopter-vrbrain-v52.vrx</urlvrbrainv52>
    <urlvrcorev10>http://www.radionav.it/portale/MissionPlanner/firmware/Copter/stable/VRX-octa-quad/ArduCopter-vrcore-v10.vrx</urlvrcorev10>
    <urlvrubrainv51>http://www.radionav.it/portale/MissionPlanner/firmware/Copter/stable/VRX-octa-quad/ArduCopter-vrubrain-v51.vrx</urlvrubrainv51>
    <urlvrubrainv52>http://www.radionav.it/portale/MissionPlanner/firmware/Copter/stable/VRX-octa-quad/ArduCopter-vrubrain-v52.vrx</urlvrubrainv52>
    <urlbebop2 />
    <urldisco />
    <name>APM:Copter V3.5.4</name>
    <desc>ArduCopter Octa Quad Stable</desc>
    <k_format_version>120</k_format_version>
  </software>
  <software>
    <url />
    <url2560>http://firmware.ardupilot.org/Copter/stable/apm1-octa/ArduCopter.hex</url2560>
    <url2560_2>http://firmware.ardupilot.org/Copter/stable/apm2-octa/ArduCopter.hex</url2560_2>
    <urlpx4v1>http://firmware.ardupilot.org/Copter/stable/PX4/ArduCopter-v1.px4</urlpx4v1>
    <urlpx4v2>http://firmware.ardupilot.org/Copter/stable/PX4/ArduCopter-v2.px4</urlpx4v2>
    <urlpx4v3>http://firmware.ardupilot.org/Copter/stable/PX4/ArduCopter-v3.px4</urlpx4v3>
    <urlpx4v4>http://firmware.ardupilot.org/Copter/stable/PX4/ArduCopter-v4.px4</urlpx4v4>
    <urlvrbrainv40 />
    <urlvrbrainv45>http://www.radionav.it/portale/MissionPlanner/firmware/Copter/stable/VRX-octa/ArduCopter-vrbrain-v45.vrx</urlvrbrainv45>
    <urlvrbrainv50 />
    <urlvrbrainv51>http://www.radionav.it/portale/MissionPlanner/firmware/Copter/stable/VRX-octa/ArduCopter-vrbrain-v51.vrx</urlvrbrainv51>
    <urlvrbrainv52>http://www.radionav.it/portale/MissionPlanner/firmware/Copter/stable/VRX-octa/ArduCopter-vrbrain-v52.vrx</urlvrbrainv52>
    <urlvrcorev10>http://www.radionav.it/portale/MissionPlanner/firmware/Copter/stable/VRX-octa/ArduCopter-vrcore-v10.vrx</urlvrcorev10>
    <urlvrubrainv51>http://www.radionav.it/portale/MissionPlanner/firmware/Copter/stable/VRX-octa/ArduCopter-vrubrain-v51.vrx</urlvrubrainv51>
    <urlvrubrainv52>http://www.radionav.it/portale/MissionPlanner/firmware/Copter/stable/VRX-octa/ArduCopter-vrubrain-v52.vrx</urlvrubrainv52>
    <urlbebop2 />
    <urldisco />
    <name>APM:Copter V3.5.4</name>
    <desc>ArduCopter Octa Stable</desc>
    <k_format_version>120</k_format_version>
  </software>
  <software>
    <url />
    <url2560>http://firmware.ardupilot.org/Copter/stable/apm1-heli/ArduCopter.hex</url2560>
    <url2560_2>http://firmware.ardupilot.org/Copter/stable/apm2-heli/ArduCopter.hex</url2560_2>
    <urlpx4v1>http://firmware.ardupilot.org/Copter/stable/PX4-heli/ArduCopter-v1.px4</urlpx4v1>
    <urlpx4v2>http://firmware.ardupilot.org/Copter/stable/PX4-heli/ArduCopter-v2.px4</urlpx4v2>
    <urlpx4v3>http://firmware.ardupilot.org/Copter/stable/PX4-heli/ArduCopter-v3.px4</urlpx4v3>
    <urlpx4v4>http://firmware.ardupilot.org/Copter/stable/PX4-heli/ArduCopter-v4.px4</urlpx4v4>
    <urlvrbrainv40 />
    <urlvrbrainv45>http://www.radionav.it/portale/MissionPlanner/firmware/Copter/stable/VRX-heli/ArduCopter-vrbrain-v45.vrx</urlvrbrainv45>
    <urlvrbrainv50 />
    <urlvrbrainv51>http://www.radionav.it/portale/MissionPlanner/firmware/Copter/stable/VRX-heli/ArduCopter-vrbrain-v51.vrx</urlvrbrainv51>
    <urlvrbrainv52>http://www.radionav.it/portale/MissionPlanner/firmware/Copter/stable/VRX-heli/ArduCopter-vrbrain-v52.vrx</urlvrbrainv52>
    <urlvrcorev10>http://www.radionav.it/portale/MissionPlanner/firmware/Copter/stable/VRX-heli/ArduCopter-vrcore-v10.vrx</urlvrcorev10>
    <urlvrubrainv51>http://www.radionav.it/portale/MissionPlanner/firmware/Copter/stable/VRX-heli/ArduCopter-vrubrain-v51.vrx</urlvrubrainv51>
    <urlvrubrainv52>http://www.radionav.it/portale/MissionPlanner/firmware/Copter/stable/VRX-heli/ArduCopter-vrubrain-v52.vrx</urlvrubrainv52>
    <urlbebop2 />
    <urldisco />
    <name>APM:Copter V3.5.4</name>
    <desc>ArduCopter Heli Stable</desc>
    <k_format_version>120</k_format_version>
  </software>
  <software>
    <url />
    <url2560 />
    <url2560_2>http://firmware.ardupilot.org/AntennaTracker/stable/apm2/AntennaTracker.hex</url2560_2>
    <urlpx4v1>http://firmware.ardupilot.org/AntennaTracker/stable/PX4/AntennaTracker-v1.px4</urlpx4v1>
    <urlpx4v2>http://firmware.ardupilot.org/AntennaTracker/stable/PX4/AntennaTracker-v2.px4</urlpx4v2>
    <urlpx4v3>http://firmware.ardupilot.org/AntennaTracker/stable/PX4/AntennaTracker-v3.px4</urlpx4v3>
    <urlpx4v4>http://firmware.ardupilot.org/AntennaTracker/stable/PX4/AntennaTracker-v4.px4</urlpx4v4>
    <urlvrbrainv40 />
    <urlvrbrainv45 />
    <urlvrbrainv50 />
    <urlvrbrainv51 />
    <urlvrbrainv52 />
    <urlvrcorev10 />
    <urlvrubrainv51 />
    <urlvrubrainv52 />
    <urlbebop2 />
    <urldisco />
    <name>AntennaTracker V1.0.0</name>
    <desc>Antenna Tracker</desc>
    <k_format_version>0</k_format_version>
  </software>
  <software>
    <url />
    <url2560 />
    <url2560_2 />
    <urlpx4v1>http://px4-travis.s3.amazonaws.com/Firmware/stable/px4fmu-v1_default.px4</urlpx4v1>
    <urlpx4v2>http://px4-travis.s3.amazonaws.com/Firmware/stable/px4fmu-v2_default.px4</urlpx4v2>
    <urlpx4v3>http://px4-travis.s3.amazonaws.com/Firmware/stable/px4fmu-v3_default.px4</urlpx4v3>
    <urlpx4v4>http://px4-travis.s3.amazonaws.com/Firmware/stable/px4fmu-v4_default.px4</urlpx4v4>
    <urlvrbrainv40 />
    <urlvrbrainv45 />
    <urlvrbrainv50 />
    <urlvrbrainv51 />
    <urlvrbrainv52 />
    <urlvrcorev10 />
    <urlvrubrainv51 />
    <urlvrubrainv52 />
    <urlbebop2 />
    <urldisco />
    <name>PX4 Stable</name>
    <desc />
    <k_format_version>0</k_format_version>
  </software>
</ArrayOfSoftware>