<?xml version="1.0" encoding="utf-8"?>
<whattostat xmlns:xsd="http://www.w3.org/2001/XMLSchema" xmlns:xsi="http://www.w3.org/2001/XMLSchema-instance">
  <armedtime>182</armedtime>
  <distTraveledmeters>0</distTraveledmeters>
  <gpslocktime>5184</gpslocktime>
  <timeInAir>0</timeInAir>
  <connects>39</connects>
  <connectedtime>7511</connectedtime>
  <maxalt>115.58999633789063</maxalt>
  <minalt>112.01999664306641</minalt>
  <mahused>37301.3056811298</mahused>
  <lastconnect>2017-12-06T16:50:36.894138-06:00</lastconnect>
  <lastdisconnect>2017-12-06T16:58:49.6779016-06:00</lastdisconnect>
  <maxspeed>0.31022170186042786</maxspeed>
  <appstarts>11</appstarts>
  <avgspeed>0.012808140967694193</avgspeed>
</whattostat>