<TFRSET><TFR1><ID>1105183</ID><VERIFIED>True</VERIFIED><DELETED>False</DELETED><NID>ZDC 6/6452 &amp; 6/5453</NID><NAME>DC DCA 6/6452 &amp; 6/6453</NAME><COMMENT>!FDC 1/1155 ZDC ..FLIGHT RESTRICTIONS, WASHINGTON, DC.

Pursuant to TITLE 14 CFR SECTION 99.7, SPECIAL SECURITY INSTRUCTIONS.

This Notice will replace NOTAM 7/0204 due to addition of restrictions.

Effective 1009010401 UTC until further notice. 

A. Except for FAA approved DOD, Law Enforcement, and waivered Lifeguard/Air Ambulance Flights, all VFR aircraft operations within 30NM  of 385134N/0770211W or the Washington /DCA/ VOR/DME, from the surface up to but not including FL180, are restricted to an indicated airspeed of 180 knots or less, if capable. If unable, the pilot must contact the appropriate atc facility and advise them of the aircraft's operational limitations. 

B. All VFR Aircraft operations within the airspace between 30 NMR and 60 NMR OF 385134N/0770211W or the Washington /DCEA/VOR/DME, from the surface up to but not including FL180, are restricted to an indicated airspeed of 230 knots or less, if capable. If unable the pilot must contact the appropriate atc facility and advise them of the aircraft's operational limitations prior to entring the 60 nmr of the Washington /DCA/ VOR/DME.

******CAUTION: This TFR Overlay Display System (TODS) is updated Monday thru Friday 1200-2230 UTC and Saturday thru Sunday 1330-2130 UTC. CONFIRM DATA CURRENCY THROUGH ALTERNATE SOURCES AT OTHER TIMES. For interpretation of this TFR contact your local FSS.******


</COMMENT><ACCESS>Public</ACCESS><APPEAR>1;0080ff;0;0080ff;83070e1c3870e0c1</APPEAR><TYPE>Natl Security Area</TYPE><MINALT>0A</MINALT><MAXALT>17999M</MAXALT><SEGS>0</SEGS><BOUND>RCN38.859444W77.036389R030.00RCN38.859444W77.036389R060.00</BOUND><SRC>******CAUTION: This TFR Overlay Display System (TODS) is updated Monday - Friday 1200-2000 UTC. CONFIRM DATA CURRENCY THROUGH ALTERNATE SOURCES AT OTHER TIMES. For interpretation of this TFR contact your local FSS.******

!FDC 6/6452 (KZDC A0437/16) ZDC PART 1 OF 10 SECURITY...SPECIAL SECURITY INSTRUCTIONS, WASHINGTON, DC. THIS NOTAM AND COMPLEMENTARY NOTAMS REPLACE FDC 6/2060 TO PROVIDE UPDATED INSTRUCTIONS. THIS NOTAM REFERENCES THE WASHINGTON DC FLIGHT RESTRICTED ZONE (FRZ) PROCEDURES. A SEPARATE NOTAM REFERENCES THE WASHINGTON DC SPECIAL FLIGHT RULES AREA (SFRA) PROCEDURES. SPECIAL SECURITY INSTRUCTIONS FOR AIRCRAFT OPERATIONS IN THE DC FLIGHT RESTRICTED ZONE (FRZ), A PART OF THE DC SPECIAL FLIGHT RULES AREA (SFRA), ARE IN EFFECT PURSUANT TO 14 CODE OF FEDERAL REGULATIONS (CFR) SECTIONS 93.335, 93.337, 93.339, 93.341, 93.343, 93.345, AND 99.7, AND 49 UNITED STATES CODE (USC) SECTION 40103(B)(3). THIS NOTAM AND THREE RELATED NOTAMS REGARDING THE: DC SFRA, EXCLUDING THE DC FRZ, WHICH IS ADDRESSED BY THIS NOTAM; THE LEESBURG MANEUVERING AREA (LMA); AND UNMANNED AIRCRAFT SYSTEM (UAS) OPERATIONS IN THE DC SFRA CLARIFY AND SUPPLEMENT THE OPERATING REQUIREMENTS PRESCRIBED BY THE CITED 14 CFR SECTIONS. SECTION I. RESPONSE AND ENFORCEMENT: PURSUANT TO 49 USC 40103(B)(3), THE FAA HAS ESTABLISHED THE DC FRZ, A PART OF THE DC SFRA, AS 'NATIONAL DEFENSE AIRSPACE'. PERSONS WHO DO NOT ADHERE TO THE PROCEDURES PRESCRIBED BY THE CITED 14 CFR SECTIONS AND THIS NOTAM MAY FACE THE FOLLOWING RESPONSE AND ENFORCEMENT ACTION OUTLINED: A. PILOTS OF AIRCRAFT THAT DO NOT ADHERE TO THE PROCEDURES IN THE 1610120401-PERM END PART 1 OF 10 
!FDC 6/6452 (KZDC A0437/16) ZDC PART 2 OF 10 SECURITY...SPECIAL SECURITY INSTRUCTIONS, SPECIAL SECURITY REQUIREMENTS CONTAINED IN THIS NOTAM MAY BE INTERCEPTED, AND/OR DETAINED AND INTERVIEWED BY FEDERAL, STATE, OR LOCAL LAW ENFORCEMENT, OR OTHER GOVERNMENT PERSONNEL. B. PILOTS OF AIRCRAFT THAT DO NOT ADHERE TO THE PROCEDURES IN THE SPECIAL SECURITY REQUIREMENTS CONTAINED IN THIS NOTAM MAY FACE FAA ADMINISTRATIVE ENFORCEMENT ACTION, INCLUDING IMPOSING CIVIL PENALTIES AND THE SUSPENSION OR REVOCATION OF AIRMEN CERTIFICATES. C. ANY PERSON WHO KNOWINGLY OR WILLFULLY VIOLATES THE RULES CONCERNING OPERATIONS IN THIS AIRSPACE MAY BE SUBJECT TO CRIMINAL PENALTIES UNDER 49 USC SECTION 46307. D. THE U.S. GOVERNMENT MAY USE DEADLY FORCE AGAINST A FLIGHT OPERATING IN THE DC SFRA, INCLUDING THE DC FRZ, IF IT IS DETERMINED THAT THE AIRCRAFT POSES AN IMMINENT SECURITY THREAT. SECTION II. OPERATING REQUIREMENTS: ALL AIRCRAFT FLIGHT OPERATIONS ARE PROHIBITED WITHIN THE DC FRZ, A PART OF THE DC SFRA, UNLESS IN COMPLIANCE WITH 14 CFR SECTIONS 93.335, 93.337, 93.339, 93.341, 93.343, AND 93.345, AND THE FOLLOWING SUPPLEMENTAL SPECIAL SECURITY INSTRUCTIONS REQUIRED PURSUANT TO 14 CFR SECTION 99.7 AND 49 USC SECTION 40103(B)(3): A. APPLICATION OF DEFINITIONS IN 14 CFR SECTION 93.335: 1. A DC FRZ FLIGHT PLAN MUST BE FILED WITH FLIGHT 1610120401-PERM END PART 2 OF 10 
!FDC 6/6452 (KZDC A0437/16) ZDC PART 3 OF 10 SECURITY...SPECIAL SECURITY INSTRUCTIONS, SERVICE AT 866-225-7410. 2. A DC FRZ FLIGHT PLAN IS REQUIRED FOR VISUAL FLIGHT RULES (VFR) OPERATIONS IN THE DC FRZ. PILOTS MAY NOT FILE A DC FRZ FLIGHT PLAN WHILE AIRBORNE. B. ADDITIONS TO REQUIREMENTS IN 14 CFR SECTION 93.341-DC FRZ: 1. AIRCRAFT OPERATING IN THE DC FRZ MUST BE EQUIPPED WITH AN OPERABLE TWO WAY RADIO CAPABLE OF COMMUNICATING WITH AIR TRAFFIC CONTROL (ATC) ON APPROPRIATE RADIO FREQUENCIES OR UNICOM. IT IS HIGHLY RECOMMENDED THAT A PILOT CONTINUOUSLY MONITOR VHF FREQUENCY 121.5 OR UHF FREQUENCY 243.0 FOR EMERGENCY INSTRUCTIONS WHEN OPERATING AN AIRCRAFT IN THE DC FRZ, EITHER IN AN AIRCRAFT THAT IS SUITABLY EQUIPPED, OR BY USE OF PORTABLE EQUIPMENT. 2. AIRCRAFT OPERATING VFR WITHIN OR TRANSITING THE DC FRZ WHO BECOMES AWARE OF AN INABILITY TO MAINTAIN RADIO CONTACT WITH ATC MUST IMMEDIATELY SQUAWK 7600 AND EXIT THE DC FRZ BY THE MOST DIRECT LATERAL ROUTE. A. IF THE DEPARTURE POINT IS WITHIN THE DC FRZ AND THE AIRCRAFT IS WITHIN 5 NM OF THE DEPARTURE POINT, THE PILOT MAY RETURN TO THE DEPARTURE POINT BY THE MOST DIRECT ROUTE. OTHERWISE, THE PILOT MUST EXIT THE DC FRZ VIA THE MOST DIRECT ROUTE. 3. ANY INSTRUMENT FLIGHT RULES (IFR) AIRCRAFT OPERATING WITHIN OR TRANSITING THE DC FRZ WHO BECOMES AWARE OF AN INABILITY TO MAINTAIN RADIO CONTACT WITH 1610120401-PERM END PART 3 OF 10 
!FDC 6/6452 (KZDC A0437/16) ZDC PART 5 OF 10 SECURITY...SPECIAL SECURITY INSTRUCTIONS, PRIVATE/CORPORATE YACHT. 6. TRANSIT FLIGHTS ARE PROHIBITED EXCEPT FOR APPROVED OPERATORS LANDING OR DEPARTING AIRPORTS WITHIN THE SFRA ON ESTABLISHED ATC PROCEDURES. 7. ALL FEDERAL, STATE, AND LOCAL LAW ENFORCEMENT AND AIRCRAFT AIR AMBULANCE FLIGHTS MUST OBTAIN AND COMPLY WITH A FAA/TSA WAIVER FOR OPERATIONS WITHIN THE DC FRZ. 8. DEPARTMENT OF DEFENSE (DOD) AND NATIONAL GUARD OPERATORS CONDUCTING VFR, ROTARY WING FLIGHTS IN THE DC FRZ MUST OBTAIN APPROVAL FROM THE FAA AT THE NCRCC AT 866-598-9525 PRIOR TO ENTERING THE FRZ. 9. APPROVED DOD, NATIONAL GUARD, LAW ENFORCEMENT, AND LIFEGUARD/AIR AMBULANCE OPERATORS MAY CONDUCT TRAINING/MAINTENANCE FLIGHTS WITHIN THE DC FRZ WITH PRIOR APPROVAL AND COORDINATION WITH THE FAA AT THE NCRCC AT 866-598-9522. A. THESE OPERATIONS ARE TO BE KEPT TO A MINIMUM CONSISTENT WITH FLIGHT SAFETY AND PILOT PROFICIENCY. 10. THE FAA OFFICE OF SYSTEM OPERATIONS SECURITY MAY EXEMPT OPERATORS FROM THE OUTLINED DC FRZ REQUIREMENTS BASED ON SAFETY, CRITICALITY, AND URGENCY OF THE PROPOSED FLIGHT. C. ADDITIONS TO REQUIREMENTS IN 14 CFR SECTION 93.341 - OPERATIONS AT RONALD REAGAN WASHINGTON NATIONAL AIRPORT (DCA): 1. PART 121 AND 129 REGULARLY SCHEDULED AIR CARRIER FLIGHTS OPERATING IN COMPLIANCE WITH A TRANSPORTATION SECURITY 1610120401-PERM END PART 5 OF 10 
!FDC 6/6452 (KZDC A0437/16) ZDC PART 6 OF 10 SECURITY...SPECIAL SECURITY INSTRUCTIONS, ADMINISTRATION (TSA) STANDARD SECURITY PROGRAM - THE APPROVED AIRCRAFT OPERATOR STANDARD SECURITY PROGRAM (AOSSP), FULL ALL CARGO AIRCRAFT OPERATOR STANDARD SECURITY PROGRAM (FACAOSSP) OR MODEL SECURITY PROGRAM (MSP) - AND HAVE SPECIFIC AUTHORIZATION FROM THE DEPARTMENT OF TRANSPORTATION (DOT), MAY LAND AND DEPART RONALD REAGAN WASHINGTON NATIONAL AIRPORT (DCA), AND ARE HEREIN REFERRED TO AS DCA APPROVED CARRIERS. 2. DCA APPROVED AIR CARRIERS, OPERATING UNSCHEDULED, CHARTER OR ADDITIONAL SECTIONS MAY OPERATE WITHOUT A WAIVER UNDER THE FOLLOWING CONDITIONS: A. ALL OPERATIONS MUST BE CONDUCTED IN ACCORDANCE WITH THEIR TSA AOSSP AND MUST DEPART A TSA OR EQUIVALENT SCREENED TERMINAL GATE. B. THE TSA NCRCC MUST BE NOTIFIED BY TELEPHONE AT LEAST ONE HOUR PRIOR TO DEPARTURE AT 866-598-9520. C. UNSCHEDULED OPERATIONS AT DCA REQUIRE A SLOT RESERVATION. ADDITIONAL INFORMATION MAY BE OBTAINED IN ADVISORY CIRCULAR (AC) 93-1. 3. ALL OTHER FLIGHTS MUST OBTAIN AN FAA/TSA WAIVER OR DCA ACCESS STANDARD SECURITY PROGRAM (DASSP) SECURITY AUTHORIZATION. ELIGIBLE OPERATIONS FOR A FAA/TSA WAIVER ARE LIMITED TO: A. U.S. GOVERNMENT OPERATIONS (GOV). B. ELECTED OFFICIALS (ELO). C. SPECIAL OPERATIONS (SPO). D. DOD, NATIONAL GUARD E. LAW ENFORCEMENT. F. AIR AMBULANCE FLIGHTS. G. FLIGHTS BEING OPERATING 1610120401-PERM END PART 6 OF 10 
!FDC 6/6452 (KZDC A0437/16) ZDC PART 7 OF 10 SECURITY...SPECIAL SECURITY INSTRUCTIONS, IN COMPLIANCE WITH A TSA APPROVED AOSSP BUT ARE NOT DCA APPROVED AIR CARRIERS. 4. UNSCHEDULED OPERATIONS AT DCA REQUIRE A SLOT RESERVATION. A. ADDITIONAL INFORMATION MAY BE OBTAINED IN ADVISORY CIRCULAR (AC) 93-1. 5. DOD, NATIONAL GUARD, AND FEDERALLY OWNED AND OPERATED AIRCRAFT ON AN OPERATIONAL MISSION, WITH PRIOR FAA APPROVAL, MAY LAND AND DEPART DCA WITHOUT A WAIVER. A. APPROVAL FROM THE FAA NCRCC MUST BE OBTAINED AT LEAST ONE HOUR PRIOR TO DEPARTURE VIA TELEPHONE AT 866-598-9522. 6. DOD, NATIONAL GUARD, AND FEDERALLY OWNED AND OPERATED AIRCRAFT ON A TRAINING OR FERRY FLIGHT MAY NOT LAND OR DEPART DCA UNLESS THE OPERATOR HAS APPLIED AND RECEIVED AN FAA/TSA WAIVER. 7. FOREIGN STATE OR DIPLOMATIC AIRCRAFT ARE NOT AUTHORIZED TO LAND OR DEPART AT DCA. D. ADDITIONS TO REQUIREMENTS IN 14 CFR SECTION 93.341 - OPERATIONS AT ANDREWS AFB (ADW) AND DAVISON ARMY AIRFIELD (DAA): 1. DOD AND NATIONAL GUARD OWNED AND OPERATED AIRCRAFT MAY OPERATE AT ADW OR DAA WITHOUT AN FAA/TSA WAIVER AND ARE RESPONSIBLE FOR THE SECURITY OF THEIR AIRCRAFT, CREW, AND PASSENGERS. 2. FEDERALLY OWNED AND OPERATED AIRCRAFT MAY OPERATE AT ADW OR DAA WITHOUT AN FAA/TSA WAIVER. A. THESE APPROVED GOVERNMENT OPERATORS ARE RESPONSIBLE FOR THE SECURITY OF THEIR AIRCRAFT, CREW, AND PASSENGERS AND ARE REQUIRED TO 1610120401-PERM END PART 7 OF 10 
!FDC 6/6452 (KZDC A0437/16) ZDC PART 8 OF 10 SECURITY...SPECIAL SECURITY INSTRUCTIONS, NOTIFY THE FAA AT THE NCRCC ONE HOUR PRIOR TO DEPARTURE AT 866-598-9522. 3. DCA APPROVED CARRIERS, OPERATING UNSCHEDULED OR CHARTER FLIGHTS INTO ADW OR DAA, IN SUPPORT OF U.S. GOVERNMENT OPERATIONS MAY OPERATE WITHOUT A WAIVER UNDER THE FOLLOWING CONDITIONS: A. ALL OPERATIONS MUST BE CONDUCTED IN ACCORDANCE WITH THEIR TSA AIRCRAFT OPERATORS STANDARD SECURITY PROGRAM (AOSSP), INCLUDING DEPARTING FROM A TSA OR EQUIVALENT SCREENED TERMINAL. B. NOTIFICATION TO THE TSA AT THE NCRCC VIA TELEPHONE AT 866-598-9520 IS REQUIRED AT LEAST ONE HOUR PRIOR TO DEPARTURE. 4. A FAA/TSA WAIVER IS REQUIRED FOR ALL: A. STATE GOVERNMENT AIRCRAFT. B. LOCAL GOVERNMENT AIRCRAFT. C. DOD CONTRACT OR NATIONAL GUARD CONTRACT INCLUDING CONTRACT AIRCRAFT USING MILITARY CALL SIGNS). D. ON DEMAND PASSENGER OR CARGO OPERATIONS. E. INCLUDING ALL PART 121, 125, 129, 135 FLIGHTS LANDING AND DEPARTING ADW OR DAA THAT ARE NOT OPERATED BY A DCA APPROVED CARRIER IN COMPLIANCE WITH A TSA APPROVED AOSSP. 5. NOTIFICATION TO THE TSA NCRCC VIA TELEPHONE AT 866-598-9520 IS REQUIRED AT LEAST ONE HOUR BEFORE DEPARTURE. 6. 14 CFR SECTION 93.341 (C)(4) STATES THAT PRIOR PERMISSION MAY BE REQUIRED TO LAND OR DEPART ADW OR DAA. A. A PRIOR PERMISSION REQUIRED (PPR) APPROVAL DOES NOT AUTHORIZE ENTRY INTO THE DC FRZ OR 1610120401-PERM END PART 8 OF 10 
!FDC 6/6452 (KZDC A0437/16) ZDC PART 9 OF 10 SECURITY...SPECIAL SECURITY INSTRUCTIONS, SUPERSEDE THESE NOTAM REQUIREMENTS. 7. FOREIGN OPERATED MILITARY OR FOREIGN STATE AIRCRAFT OPERATIONS WITH A U.S. STATE DEPARTMENT DIPLOMATIC CLEARANCE AND A PPR MAY LAND AND DEPART ONLY AT ADW WITHIN THE DC FRZ. A. DAA IS NOT AUTHORIZED FOR FOREIGN DIPLOMATIC FLIGHTS. E. ADDITIONS TO REQUIREMENTS IN 14 CFR SECTION 93.343: 1. OPERATIONS TO OR FROM COLLEGE PARK AIRPORT (CGS), POTOMAC AIRFIELD (VKX), OR WASHINGTON EXECUTIVE/HYDE FIELD AIRPORT (W32): A DC SFRA FLIGHT PLAN WILL NOT FULFILL THE REQUIREMENTS OF A DC FRZ FLIGHT PLAN F. RECOMMENDED TRAINING: 1. IT IS STRONGLY RECOMMENDED THAT ALL PILOTS FLYING VFR WITHIN 100 NM OF THE DCA VOR/DME COMPLETE SPECIAL AWARENESS TRAINING FOR THE WASHINGTON DC METROPOLITAN AREA, THIS TRAINING IS MANDATORY FOR ALL PILOTS THAT FLY VFR WITHIN 60 NM OF THE DCA VOR/DME (14 CFR PARTS 61 AND 91). THIS TRAINING IS AVAILABLE IN THE AVIATION LEARNING CENTER AT WWW.FAASAFETY.GOV. SECTION III. RESOURCES: A. ANY PILOT QUESTIONS REGARDING DC SFRA OR FRZ PROCEDURES SHOULD BE DIRECTED TO THE FAA SYSTEM OPERATIONS SECURITY REPRESENTATIVE AT THE NATIONAL CAPITAL REGION COORDINATION CENTER (NCRCC) AT 9-AWA-ATS-NCRCC@FAA.GOV OR (866) 598-9522. B. FOR WAIVERS AND REQUIREMENTS IN THIS NOTAM THAT REQUIRE NOTIFICATION TO THE TSA AT THE NCRCC, CALL (866) 598-9520. 1610120401-PERM END PART 9 OF 10 
!FDC 6/6452 (KZDC A0437/16) ZDC PART 10 OF 10 SECURITY...SPECIAL SECURITY INSTRUCTIONS, C. THE LATEST POTOMAC TRACON (PCT) LETTER TO AIRMEN CAN BE FOUND AT: HTTP://NOTAMS.AIM.FAA.GOV/NOTAMSEARCH/ (SEARCH LOCATION PCT). D. INFORMATION ABOUT FAA/TSA AIRSPACE WAIVER APPLICATIONS AND TSA SECURITY AUTHORIZATIONS CAN BE FOUND AT WWW.TSA.GOV/FOR-INDUSTRY/GENERAL-AVIATION. E. INDIVIDUALS MAY SUBMIT A REQUEST FOR A FAA WAIVER AT WAIVERS.FAA.GOV AFTER NORMAL BUSINESS HOURS. F. FOR EMERGENCY OR SHORT NOTICE REQUESTS, CONTACT TSA AT THE NCRCC AT (866) 598-9520. G. FOR OPERATIONS IN THE DC FRZ, PILOTS WITH A WAIVER OR CONFIDENTIAL PILOT IDENTIFICATION CODE MUST CALL FLIGHT SERVICE AT 866-225-7410 TO FILE A DC FRZ FLIGHT PLAN. 1610120401-PERM END PART 10 OF 10 

!FDC 6/6453 (KZDC A0438/16) ZDC PART 1 OF 7 SECURITY...SPECIAL SECURITY INSTRUCTIONS, WASHINGTON, DC. THIS NOTAM AND COMPLEMENTARY NOTAMS REPLACE FDC 6/2062 TO PROVIDE UPDATED INSTRUCTIONS. THIS NOTAM REFERENCES THE WASHINGTON DC SPECIAL FLIGHT RULES AREA (SFRA) ONLY. A SEPARATE NOTAM REFERENCES THE WASHINGTON DC FLIGHT RESTRICTED ZONE (FRZ) PROCEDURES AND OPERATIONS BY UNMANNED AIRCRAFT SYSTEMS (UAS), INCLUDING MODEL AIRCRAFT (HOBBYIST OR RECREATIONAL USA ONLY), CIVIL AND COMMERCIAL OPERATIONS, AND PUBLIC OPERATIONS WITHIN THE SFRA. SPECIAL SECURITY INSTRUCTIONS FOR AIRCRAFT OPERATIONS IN THE DC SFRA ARE IN EFFECT PURSUANT TO 14 CODE OF FEDERAL REGULATIONS (CFR) SECTIONS 93.335, 93.337, 93.339, 93.341, 93.343, 93.345, AND 99.7, AND 49 UNITED STATES CODE (USC) SECTION 40103(B)(3). THIS NOTAM AND THREE RELATED NOTAMS REGARDING THE: DC FLIGHT RESTRICTED ZONE (FRZ); LEESBURG MANEUVERING AREA (LMA); AND UNMANNED AIRCRAFT SYSTEM (UAS) OPERATIONS IN THE DC SFRA CLARIFY AND SUPPLEMENT THE OPERATING REQUIREMENTS PRESCRIBED BY THE CITED 14 CFR SECTIONS. SECTION I. RESPONSE AND ENFORCEMENT: PURSUANT TO 49 USC 40103(B)(3), THE FAA HAS ESTABLISHED THE DC SFRA AS 'NATIONAL DEFENSE AIRSPACE'. PERSONS WHO DO NOT ADHERE TO THE PROCEDURES PRESCRIBED BY THE CITED 14 CFR SECTIONS AND THIS NOTAM MAY FACE THE FOLLOWING RESPONSE AND 1610120401-PERM END PART 1 OF 7 
!FDC 6/6453 (KZDC A0438/16) ZDC PART 2 OF 7 SECURITY...SPECIAL SECURITY INSTRUCTIONS, WASHINGTON, ENFORCEMENT ACTION OUTLINED: A. PILOTS OF AIRCRAFT THAT DO NOT ADHERE TO THE PROCEDURES IN THE SPECIAL SECURITY REQUIREMENTS CONTAINED IN THIS NOTAM MAY BE INTERCEPTED, AND/OR DETAINED AND INTERVIEWED BY FEDERAL, STATE, OR LOCAL LAW ENFORCEMENT, OR OTHER GOVERNMENT PERSONNEL. B. PILOTS OF AIRCRAFT THAT DO NOT ADHERE TO THE PROCEDURES IN THE SPECIAL SECURITY REQUIREMENTS CONTAINED IN THIS NOTAM MAY FACE FAA ADMINISTRATIVE ENFORCEMENT ACTION, INCLUDING IMPOSING CIVIL PENALTIES AND THE SUSPENSION OR REVOCATION OF AIRMEN CERTIFICATES. C. ANY PERSON WHO KNOWINGLY OR WILLFULLY VIOLATES THE RULES CONCERNING OPERATIONS IN THIS AIRSPACE MAY BE SUBJECT TO CRIMINAL PENALTIES UNDER 49 USC SECTION 46307. D. THE U.S. GOVERNMENT MAY USE DEADLY FORCE AGAINST A FLIGHT OPERATING IN THE DC SFRA, INCLUDING THE DC FRZ, IF IT IS DETERMINED THAT THE AIRCRAFT POSES AN IMMINENT SECURITY THREAT. SECTION II. OPERATING REQUIREMENTS: ALL AIRCRAFT FLIGHT OPERATIONS ARE PROHIBITED WITHIN THE DC SFRA UNLESS IN COMPLIANCE WITH 14 CFR SECTIONS 93.335, 93.337, 93.339, 93.341, 93.343, AND 93.345, AND THE FOLLOWING SUPPLEMENTAL SPECIAL SECURITY INSTRUCTIONS REQUIRED PURSUANT TO 14 CFR SECTION 99.7 AND 49 USC SECTION 40103(B)(3): A. APPLICATION OF 1610120401-PERM END PART 2 OF 7 
!FDC 6/6453 (KZDC A0438/16) ZDC PART 3 OF 7 SECURITY...SPECIAL SECURITY INSTRUCTIONS, WASHINGTON, DEFINITIONS IN 14 CFR SECTION 93.335: 1. A DC SFRA FLIGHT PLAN DOES NOT FULFILL THE REQUIREMENTS FOR VISUAL FLIGHT RULES (VFR) OPERATIONS IN THE DC FRZ. 2. A DC FRZ FLIGHT PLAN IS REQUIRED FOR VFR OPERATIONS IN THE DC FRZ. PILOTS MAY NOT FILE A DC FRZ FLIGHT PLAN WHILE AIRBORNE. B. IT IS STRONGLY RECOMMENDED THAT ALL PILOTS FLYING UNDER VFR WITHIN 100 NM OF THE DCA VOR/DME COMPLETE SPECIAL AWARENESS TRAINING FOR THE WASHINGTON DC METROPOLITAN AREA, THIS TRAINING IS MANDATORY FOR ALL PILOTS THAT FLY UNDER VFR WITHIN 60 NM OF THE DCA VOR/DME (14 CFR PARTS 61 AND 91, EFFECTIVE FEBRUARY 9, 2009). THIS TRAINING IS AVAILABLE IN THE AVIATION LEARNING CENTER AT WWW.FAASAFETY.GOV. C. ADDITIONS TO REQUIREMENTS IN 14 CFR SECTION 93.339 - DC SFRA: 1. AIRCRAFT OPERATING IN THE DC SFRA MUST BE EQUIPPED WITH AN OPERABLE TWO WAY RADIO CAPABLE OF COMMUNICATING WITH AIR TRAFFIC CONTROL (ATC) ON APPROPRIATE RADIO FREQUENCIES OR UNICOM. IT IS HIGHLY RECOMMENDED THAT A PILOT CONTINUOUSLY MONITOR VHF FREQUENCY 121.5 OR UHF FREQUENCY 243.0 FOR EMERGENCY INSTRUCTIONS WHEN OPERATING AN AIRCRAFT IN THE DC SFRA, EITHER IN AN AIRCRAFT THAT IS SUITABLY EQUIPPED, OR BY USE OF PORTABLE EQUIPMENT. 2. ANY PERSON OPERATING AN AIRBORNE AIRCRAFT UNDER VFR TO OR FROM, 1610120401-PERM END PART 3 OF 7 
!FDC 6/6453 (KZDC A0438/16) ZDC PART 4 OF 7 SECURITY...SPECIAL SECURITY INSTRUCTIONS, WASHINGTON, WITHIN, OR TRANSITING THE DC SFRA/FRZ WHO BECOMES AWARE OF AN INABILITY TO COMPLY WITH THE REQUIREMENT TO MAINTAIN RADIO CONTACT WITH AIR TRAFFIC CONTROL (ATC) MUST IMMEDIATELY SQUAWK 7600 AND EXIT THE DC SFRA/FRZ BY THE MOST DIRECT LATERAL ROUTE EXCEPTING: A. IF THE DEPARTURE POINT IS WITHIN THE DC SFRA AND THE DEPARTURE POINT IS CLOSER THAN THE DC SFRA BOUNDARY, THE PILOT MAY RETURN TO THE DEPARTURE POINT BY THE MOST DIRECT ROUTE. 3. ANY PERSON OPERATING AN AIRBORNE AIRCRAFT UNDER INSTRUMENT FLIGHT RULES (IFR) TO OR FROM, WITHIN, OR TRANSITING THE DC SFRA/FRZ WHO BECOMES AWARE OF AN INABILITY TO COMPLY WITH THE REQUIREMENT TO MAINTAIN RADIO CONTACT WITH ATC MUST CONTINUE THE FLIGHT IN COMPLIANCE WITH THE TWO-WAY RADIO COMMUNICATIONS FAILURE PROCEDURES FOUND IN THE FAA AERONAUTICAL INFORMATION MANUAL (AIM) AND/OR APPLICABLE FEDERAL AVIATION REGULATIONS (FAR). 4. ANY PERSON OPERATING AN AIRCRAFT TO OR FROM, WITHIN, OR TRANSITING THE DC SFRA WHO BECOMES AWARE OF AN INABILITY TO COMPLY WITH THE REQUIREMENT TO CONTINUOUSLY SQUAWK AN ATC ASSIGNED TRANSPONDER CODE MUST IMMEDIATELY ADVISE ATC AND COMPLY WITH ALL INSTRUCTIONS FROM ATC. IF UNABLE TO CONTACT ATC, PILOTS MUST EXIT THE DC SFRA/FRZ BY THE MOST DIRECT LATERAL ROUTE 1610120401-PERM END PART 4 OF 7 
!FDC 6/6453 (KZDC A0438/16) ZDC PART 5 OF 7 SECURITY...SPECIAL SECURITY INSTRUCTIONS, WASHINGTON, EXCEPTING: A.IF THE DEPARTURE POINT IS WITHIN THE DC SFRA AND THE DEPARTURE POINT IS CLOSER THAN THE DC SFRA BOUNDARY, THE PILOT MAY RETURN TO THE DEPARTURE POINT BY THE MOST DIRECT ROUTE. 5. THE PROCEDURES IN SECTION II, SUBSECTION A, B, AND C DO NOT AUTHORIZE PENETRATION OF RESTRICTED AREAS OR PROHIBITED AREAS. 6. AIRCRAFT DEPARTING AIRPORTS WITHIN THE DC SFRA WITH LIMITED TWO-WAY RADIO COMMUNICATIONS MUST ESTABLISH TWO-WAY COMMUNICATIONS AS SOON AS FEASIBLE, NORMALLY WITHIN 2NM OF THE DEPARTURE POINT. 7. PATTERN WORK OPERATIONS AT UN-CONTROLLED AIRPORTS WITHIN THE DC SFRA (BUT NOT WITHIN THE DC FRZ) MUST BE CONDUCTED IN ACCORDANCE WITH 14 CFR SECTION 93.339 (C) AND THE PROCEDURES SPECIFIED IN THE MOST CURRENT POTOMAC TRACON LETTER TO AIRMEN (LTA) ON THE SUBJECT. THE LETTER CAN BE FOUND AT: HTTP://NOTAMS.AIM.FAA.GOV/NOTAMSEARCH/ (SEARCH LOCATION PCT). A. ALL PILOTS WHO INTEND TO CONDUCT VFR TRAFFIC PATTERN WORK AT AN AIRPORT WITHIN THE DC SFRA (NOT WITHIN THE DC FRZ) WHICH DOES NOT HAVE AN OPERATING CONTROL TOWER OR WHEN THE CONTROL TOWER IS CLOSED MUST: 1. INCLUDE &quot;PATTERN&quot; IN SFRA FLIGHT PLAN REMARKS. 2. PRIOR TO DEPARTURE, CONTACT POTOMAC TRACON VIA TELEPHONE NUMBER SPECIFIED IN LTA TO OBTAIN TRANSPONDER CODE AND ADVISE TRACON OF 1610120401-PERM END PART 5 OF 7 
!FDC 6/6453 (KZDC A0438/16) ZDC PART 6 OF 7 SECURITY...SPECIAL SECURITY INSTRUCTIONS, WASHINGTON, INTENT TO CONDUCT PATTERN WORK. 3. INFORM ATC OF INTENT TO CONDUCT PATTERN WORK PRIOR TO CHANGING TO COMMON TRAFFIC ADVISORY FREQUENCY (CTAF). B. UPON COMPLETION OF PATTERN WORK, PILOTS MUST CONTACT POTOMAC TRACON VIA TELEPHONE NUMBER SPECIFIED IN LTA TO ADVISE PATTERN WORK IS COMPLETE. 8. OPERATIONS BY UNMANNED AIRCRAFT SYSTEMS (UAS), INCLUDING MODEL AIRCRAFT (HOBBYIST OR RECREATIONAL USE ONLY), CIVIL AND COMMERCIAL OPERATIONS, AND PUBLIC OPERATIONS, ARE ONLY AUTHORIZED WITHIN THE DC SFRA, EXCLUDING THE DC FRZ, IF IN COMPLIANCE WITH THE SEPARATE FAA NOTAM, WHICH PRESCRIBES UAS-SPECIFIC OPERATING REQUIREMENTS IN THE DC SFRA. SECTION III. RESOURCES: A. THE CODE OF FEDERAL REGULATIONS CAN BE FOUND ON THE GOVERNMENT PRINTING OFFICE WEBSITE AT WWW.ECFR.GOV. B. ANY PILOT QUESTIONS REGARDING DC SFRA OR FRZ PROCEDURES SHOULD BE DIRECTED TO THE FAA SYSTEM OPERATIONS SECURITY REPRESENTATIVE AT THE NATIONAL CAPITAL REGION COORDINATION CENTER (NCRCC) AT 9-AWA-ATS-NCRCC@FAA.GOV OR (866) 598-9522. C. FOR THOSE WAIVERS AND REQUIREMENTS IN THIS NOTAM THAT REQUIRE NOTIFICATION TO THE TSA AT THE NCRCC, CALL (866) 598-9520. D. FOR THOSE WAIVERS AND REQUIREMENTS IN THIS NOTAM THAT REQUIRE NOTIFICATION TO THE FAA AT 1610120401-PERM END PART 6 OF 7 
!FDC 6/6453 (KZDC A0438/16) ZDC PART 7 OF 7 SECURITY...SPECIAL SECURITY INSTRUCTIONS, WASHINGTON, THE NCRCC, CALL (866) 598-9522. E. THE LATEST POTOMAC TRACON (PCT) LETTER TO AIRMEN CAN BE FOUND AT: HTTP://NOTAMS.AIM.FAA.GOV/NOTAMSEARCH/ (SEARCH LOCATION PCT). F. INFORMATION ABOUT FAA/TSA AIRSPACE WAIVER APPLICATIONS AND TSA SECURITY AUTHORIZATIONS CAN BE FOUND AT WWW.TSA.GOV/FOR-INDUSTRY/GENERAL-AVIATION OR BY CONTACTING TSA AT (571) 227-2071. G. INDIVIDUALS MAY SUBMIT A REQUEST FOR A FAA WAIVER AT WAIVERS.FAA.GOV. AFTER NORMAL BUSINESS HOURS, FOR EMERGENCY OR SHORT NOTICE REQUESTS, CONTACT TSA AT THE NCRCC AT (866) 598-9520. H. THE TRANSPONDER REQUIREMENTS DESCRIBED IN THIS NOTAM ARE ESTABLISHED SOLELY FOR SECURITY TRACKING PURPOSES AND DO NOT IMPLY THE PROVISION OF ATC RADAR SERVICES, UNLESS ATC SERVICES ARE REQUESTED AND APPROVED. I. THE COMMUNICATIONS REQUIREMENTS DESCRIBED IN THIS NOTAM ARE ESTABLISHED TO MAINTAIN THE ABILITY TO IMMEDIATELY COMMUNICATE SECURITY-BASED INSTRUCTIONS, NOT FOR NECESSARILY FOR ATC SERVICES, UNLESS ATC SERVICES ARE REQUESTED AND APPROVED. 1610120401-PERM END PART 7 OF 7 

</SRC><CREATED><NUMERIC>39721.5278051736</NUMERIC><TEXT>9/30/2008 12:40:02 PM</TEXT></CREATED><MODIFIED><NUMERIC>42654.1942006134</NUMERIC><TEXT>10/11/2016 4:39:39 AM</TEXT></MODIFIED><DELETED><NUMERIC></NUMERIC><TEXT></TEXT></DELETED><ACTIVE><NUMERIC>42655.1673611111</NUMERIC><TEXT>10/12/2016 4:01:00 AM</TEXT></ACTIVE><EXPIRES><NUMERIC>45942.1916666667</NUMERIC><TEXT>10/12/2025 4:36:00 AM</TEXT></EXPIRES><SUBMITID>Publisher</SUBMITID><SUBMITHOST>155.178.180.7</SUBMITHOST></TFR1><TFR2><ID>1106327</ID><VERIFIED>True</VERIFIED><DELETED>False</DELETED><NID>ZJX 4/3634</NID><NAME>FL Disneyworld 4/3634</NAME><COMMENT>******CAUTION: This TFR Overlay Display System (TODS) is updated Monday - Friday 1200-2000 UTC. CONFIRM DATA CURRENCY THROUGH ALTERNATE SOURCES AT OTHER TIMES. For interpretation of this TFR contact your local FSS.******\n\n!FDC 9/4985 ZJX PART 1 OF 2 FL.. FLIGHT RESTRICTIONS. Disney World Theme Park, Orlando, FL, February 17, 2009 local. \n\nThis NOTAM replaces NOTAM 3/2122 due to the waiver website change and language clarification. This NOTAM complies with statutory mandates detailed in Section 352 of Public Law 108-7 and as amended by Section 521 of Public Law 108-199. \n\nPursuant to 49 USC 40103(B), the Federal Aviation Administration (FAA) classifies the airspace defined in this NOTAM as 'National Defense Airspace'. Any person who knowingly or willfully violates the rules concerning operations in this airspace may be subject to certain criminal penalties under 49 USC 46307. \n\nPilots who do not adhere to the following procedures may be intercepted, detained and interviewed by law enforcement/security personnel. Pursuant TO Title 14 CFR Section 99.7, Special Security Instructions, all aircraft flight operations are prohibited:\n\n3 NMR 282445N/0813420W ORL238014.8\n\nSFC - 2,999 FT AGL. \n\nUNTIL FURTHER NOTICE. \n\nThe restrictions do not apply to; those aircraft authorized by and in contact with ATC for operational or safety of flight purposes, Department of Defense, law enforcement, and air ambulance flight operations. Flights conducted for operational purposes of any Disney event and venue are authorized with an approved waiver. \n\nAll theme park,previously issued waivers to FDC NOTAM 3/2122 remain valid until the specified end date but not to exceed 90 days following the effective date of this NOTAM. \nInformation about waiver applications and TSA Security Authorizations can be found at: \nhttp://www.tsa.gov/what_we_do/tsnm/general_aviation/airspace_waivers.shtm (case sensitive use lower case only) or by calling TSA at 571-227-2071. Individuals may submit a request for a FAA waiver at https://waiver.c3.faa.gov. \n\n\n</COMMENT><ACCESS>Public</ACCESS><APPEAR>3;0000ff;1;0000ff;83070e1c3870e0c1</APPEAR><TYPE>Natl Security Area</TYPE><MINALT>0A</MINALT><MAXALT>3000A</MAXALT><SEGS>0</SEGS><BOUND>RCN28.412500W81.572222R003.00</BOUND><SRC>******CAUTION: This TFR Overlay Display System (TODS) is updated Monday - Friday 1200-2000 UTC. CONFIRM DATA CURRENCY THROUGH ALTERNATE SOURCES AT OTHER TIMES. For interpretation of this TFR contact your local FSS.******

FDC 4/3634 ZJX SPECIAL SECURITY NOTICE. DISNEY WORLD THEME PARK, ORLANDO FL. THIS NOTAM REPLACES NOTAM 9/4985 TO REFLECT A TSA WEBSITE UPDATE AND ADDITIONAL INFORMATION CONCERNING AIRSPACE WAIVERS. FLIGHT RESTRICTIONS IN THIS NOTAM COMPLY WITH STATUTORY MANDATES DETAILED IN SECTION 352 OF PUBLIC LAW 108-7 AS AMENDED BY SECTION 521 OF PUBLIC LAW 108-199. PURSUANT TO 49 USC 40103(B), THE FEDERAL AVIATION ADMINISTRATION (FAA) CLASSIFIES THE AIRSPACE DEFINED IN THIS NOTAM AS 'NATIONAL DEFENSE AIRSPACE'. ANY PERSON WHO KNOWINGLY OR WILLFULLY VIOLATES THE RULES PERTAINING TO OPERATIONS IN THIS AIRSPACE MAY BE SUBJECT TO CERTAIN CRIMINAL PENALTIES UNDER 49 USC 46307. PILOTS WHO DO NOT ADHERE TO THE FOLLOWING PROCEDURES MAY BE INTERCEPTED, DETAINED AND INTERVIEWED BY LAW ENFORCEMENT/SECURITY PERSONNEL. PURSUANT TO 14 CFR SECTION 99.7, SPECIAL SECURITY INSTRUCTIONS; ALL AIRCRAFT FLIGHT OPERATIONS, INCLUDING UNMANNED AND REMOTE CONTROLLED AIRCRAFT, ARE PROHIBITED WITHIN A 3 NMR OF 282445N/0813420W OR THE ORL238014.8 UP TO AND INCLUDING 3000 FT AGL. THE RESTRICTIONS DO NOT APPLY TO THOSE AIRCRAFT AUTHORIZED BY AND IN CONTACT WITH ATC FOR OPERATIONAL OR SAFETY OF FLIGHT PURPOSES, DEPARTMENT OF DEFENSE, LAW ENFORCEMENT, AND AIR AMBULANCE FLIGHT OPERATIONS. FLIGHTS CONDUCTED FOR OPERATIONAL PURPOSES OF ANY DISNEY WORLD EVENT AND VENUE ARE AUTHORIZED WITH AN APPROVED WAIVER. AN FAA AIRSPACE WAIVER DOES NOT RELIEVE OPERATORS FROM OBTAINING ALL OTHER NECESSARY AUTHORIZATIONS AND COMPLYING WITH ALL APPLICABLE FEDERAL AVIATION REGULATIONS. ALL PREVIOUSLY ISSUED WAIVERS TO FDC NOTAM 4/4985 REMAIN VALID UNTIL THE SPECIFIED END DATE BUT NOT TO EXCEED 90 DAYS FOLLOWING THE EFFECTIVE DATE OF THIS NOTAM. INFORMATION ABOUT AIRSPACE WAIVER APPLICATIONS AND TSA SECURITY AUTHORIZATIONS CAN BE FOUND AT HTTP://WWW.TSA.GOV/STAKEHOLDERS/AIRSPACE-WAIVERS-0 OR BY CALLING TSA AT 571-227-2071. SUBMIT REQUESTS FOR FAA AIRSPACE WAIVERS AT HTTPS://WAIVERS.FAA.GOV.
1410271500-PERM
</SRC><CREATED><NUMERIC>39854.5700542014</NUMERIC><TEXT>2/10/2009 1:40:53 PM</TEXT></CREATED><MODIFIED><NUMERIC>41939.634724456</NUMERIC><TEXT>10/27/2014 3:14:00 PM</TEXT></MODIFIED><DELETED><NUMERIC></NUMERIC><TEXT></TEXT></DELETED><ACTIVE><NUMERIC></NUMERIC><TEXT></TEXT></ACTIVE><EXPIRES><NUMERIC></NUMERIC><TEXT></TEXT></EXPIRES><SUBMITID>publisher</SUBMITID><SUBMITHOST>155.178.4.12</SUBMITHOST></TFR2><TFR3><ID>1106329</ID><VERIFIED>True</VERIFIED><DELETED>False</DELETED><NID>ZLA 4/3635</NID><NAME>CA Disneyland 4/3635</NAME><COMMENT>******CAUTION: This TFR Overlay Display System (TODS) is updated Monday - Friday 1200-2000 UTC. CONFIRM DATA CURRENCY THROUGH ALTERNATE SOURCES AT OTHER TIMES. For interpretation of this TFR contact your local FSS.******\n\n!FDC 9/5145 ZLA FL.. FLIGHT RESTRICTIONS. Disneyland Theme Park, Anaheim, CA, February 17, 2009 local. \n\nThis NOTAM replaces NOTAM 3/2123 due to the waiver website change and language clarification. This NOTAM complies with statutory mandates detailed in Section 352 of Public Law 108-7 and as amended by Section 521 of Public Law 108-199. \n\nPursuant to 49 USC 40103(B), the Federal Aviation Administration (FAA) classifies the airspace defined in this NOTAM as 'National Defense Airspace'. Any person who knowingly or willfully violates the rules concerning operations in this airspace may be subject to certain criminal penalties under 49 USC 46307. \n\nPilots who do not adhere to the following procedures may be intercepted, detained and interviewed by law enforcement/security personnel. Pursuant TO Title 14 CFR Section 99.7, Special Security Instructions, all aircraft flight operations are prohibited:\n\n3 NMR 334805N/1175517W SLI066006.8\n\nSFC - 2,999 FT AGL. \n\nUNTIL FURTHER NOTICE. \n\nThe restrictions do not apply to; those aircraft authorized by and in contact with ATC for operational or safety of flight purposes, Department of Defense, law enforcement, and air ambulance flight operations. Flights conducted for operational purposes of any Disney event and venue are authorized with an approved waiver. \n\nAll theme park,previously issued waivers to FDC NOTAM 3/2122 remain valid until the specified end date but not to exceed 90 days following the effective date of this NOTAM. \nInformation about waiver applications and TSA Security Authorizations can be found at: \nhttp://www.tsa.gov/what_we_do/tsnm/general_aviation/airspace_waivers.shtm (case sensitive use lower case only) or by calling TSA at 571-227-2071. Individuals may submit a request for a FAA waiver at https://waiver.c3.faa.gov. \n</COMMENT><ACCESS>Public</ACCESS><APPEAR>3;0000ff;1;0000ff;83070e1c3870e0c1</APPEAR><TYPE>Natl Security Area</TYPE><MINALT>0A</MINALT><MAXALT>3000A</MAXALT><SEGS>0</SEGS><BOUND>RCN33.801389W117.921389R003.00</BOUND><SRC>******CAUTION: This TFR Overlay Display System (TODS) is updated Monday - Friday 1200-2000 UTC. CONFIRM DATA CURRENCY THROUGH ALTERNATE SOURCES AT OTHER TIMES. For interpretation of this TFR contact your local FSS.******

FDC 4/3635 ZLA SPECIAL SECURITY NOTICE. DISNEYLAND THEME PARK, ANAHEIM, CA. THIS NOTAM REPLACES NOTAM 9/5145 TO REFLECT A TSA WEBSITE UPDATE AND ADDITIONAL INFORMATION CONCERNING AIRSPACE WAIVERS. FLIGHT RESTRICTIONS IN THIS NOTAM COMPLY WITH STATUTORY MANDATES DETAILED IN SECTION 352 OF PUBLIC LAW 108-7 AS AMENDED BY SECTION 521 OF PUBLIC LAW 108-199. PURSUANT TO 49 USC 40103(B), THE FEDERAL AVIATION ADMINISTRATION (FAA) CLASSIFIES THE AIRSPACE DEFINED IN THIS NOTAM AS 'NATIONAL DEFENSE AIRSPACE'. ANY PERSON WHO KNOWINGLY OR WILLFULLY VIOLATES THE RULES PERTAINING TO OPERATIONS IN THIS AIRSPACE MAY BE SUBJECT TO CERTAIN CRIMINAL PENALTIES UNDER 49 USC 46307. PILOTS WHO DO NOT ADHERE TO THE FOLLOWING PROCEDURES MAY BE INTERCEPTED, DETAINED AND INTERVIEWED BY LAW ENFORCEMENT/SECURITY PERSONNEL. PURSUANT TO 14 CFR SECTION 99.7, SPECIAL SECURITY INSTRUCTIONS; ALL AIRCRAFT FLIGHT OPERATIONS, INCLUDING UNMANNED AND REMOTE CONTROLLED AIRCRAFT, ARE PROHIBITED WITHIN A 3 NMR OF 334805N/1175517W OR THE SLI066006.8 UP TO AND INCLUDING 3000 FT AGL. THE RESTRICTIONS DO NOT APPLY TO THOSE AIRCRAFT AUTHORIZED BY AND IN CONTACT WITH ATC FOR OPERATIONAL OR SAFETY OF FLIGHT PURPOSES, DEPARTMENT OF DEFENSE, LAW ENFORCEMENT, AND AIR AMBULANCE FLIGHT OPERATIONS. FLIGHTS CONDUCTED FOR OPERATIONAL PURPOSES OF ANY DISNEYLAND EVENT AND VENUE ARE AUTHORIZED WITH AN APPROVED WAIVER. AN FAA AIRSPACE WAIVER DOES NOT RELIEVE OPERATORS FROM OBTAINING ALL OTHER NECESSARY AUTHORIZATIONS AND COMPLYING WITH ALL APPLICABLE FEDERAL AVIATION REGULATIONS. ALL PREVIOUSLY ISSUED WAIVERS TO FDC NOTAM 9/5145 REMAIN VALID UNTIL THE SPECIFIED END DATE BUT NOT TO EXCEED 90 DAYS FOLLOWING THE EFFECTIVE DATE OF THIS NOTAM. INFORMATION ABOUT AIRSPACE WAIVER APPLICATIONS AND TSA SECURITY AUTHORIZATIONS CAN BE FOUND AT HTTP://WWW.TSA.GOV/STAKEHOLDERS/AIRSPACE-WAIVERS-0 OR BY CALLING TSA AT 571-227-2071. SUBMIT REQUESTS FOR FAA AIRSPACE WAIVERS AT HTTPS://WAIVERS.FAA.GOV
1410271500-PERM
</SRC><CREATED><NUMERIC>39854.5925140856</NUMERIC><TEXT>2/10/2009 2:13:13 PM</TEXT></CREATED><MODIFIED><NUMERIC>41939.6347329051</NUMERIC><TEXT>10/27/2014 3:14:01 PM</TEXT></MODIFIED><DELETED><NUMERIC></NUMERIC><TEXT></TEXT></DELETED><ACTIVE><NUMERIC></NUMERIC><TEXT></TEXT></ACTIVE><EXPIRES><NUMERIC></NUMERIC><TEXT></TEXT></EXPIRES><SUBMITID>publisher</SUBMITID><SUBMITHOST>155.178.4.12</SUBMITHOST></TFR3><TFR4><ID>1116519</ID><VERIFIED>True</VERIFIED><DELETED>False</DELETED><NID>ZFW 9/2934</NID><NAME>TX CVE 9/2934</NAME><COMMENT>******CAUTION: This TFR Overlay Display System (TODS) is updated Monday - Friday 1200-2000 UTC. CONFIRM DATA CURRENCY THROUGH ALTERNATE SOURCES AT OTHER TIMES. For interpretation of this TFR contact your local FSS.******

!FDC 9/2934 ZFW (TX).. TFR, (Dallas, TX) \nPursuant to Title 14, section 91.141 of the Code of Federal Regulations.\nWEF immediately until further notice.\n\nThe Federal Aviation Administration \n(FAA) classifies the airspace defined in this notam as 'National \nDefense Airspace'.\n\nSFC-1,500 AGL\n\nAircraft flight operations prohibited within 1 NMR of\n325321N/0964835W or the CVE085004.8.  Any person who knowingly\nor willfully violates the rules concerning operations in this\nairspace may be subject to certain criminal penalties.\n\nUnless authorized by ATC.  </COMMENT><ACCESS>Public</ACCESS><APPEAR>3;0000ff;1;ff0000;83070e1c3870e0c1</APPEAR><TYPE>VIP (FAR 91.141)</TYPE><MINALT>0A</MINALT><MAXALT>1500A</MAXALT><SEGS>0</SEGS><BOUND>RCN32.889167W96.809722R001.00</BOUND><SRC>******CAUTION: This TFR Overlay Display System (TODS) is updated Monday - Friday 1200-2000 UTC. CONFIRM DATA CURRENCY THROUGH ALTERNATE SOURCES AT OTHER TIMES. For interpretation of this TFR contact your local FSS.******

!FDC 9/2934 ZFW TX.. FLIGHT RESTRICTION. DALLAS, TEXAS. PURSUANT TO 49 USC 40103(B), THE FEDERAL AVIATION ADMINISTRATION (FAA) CLASSIFIES THE AIRSPACE DEFINED IN THIS NOTAM AS 'NATIONAL DEFENSE AIRSPACE'. ANY PERSON WHO KNOWINGLY OR WILLFULLY VIOLATES THE RULES CONCERNING OPERATIONS IN THIS AIRSPACE MAY BE SUBJECT TO CERTAIN CRIMINAL PENALTIES UNDER 49 USC 46307.  PILOTS WHO DO NOT ADHERE TO THE FOLLOWING PROCEDURES MAY BE INTERCEPTED, DETAINED AND INTERVIEWED BY LAW ENFORCEMENT/SECURITY PERSONNEL.  PURSUANT TO TITLE 14, SECTION 91.141 OF THE CODE OF FEDERAL REGULATIONS, AIRCRAFT FLIGHT OPERATIONS ARE PROHIBITED WITHIN THE FOLLOWING AREA(S) UNLESS OTHERWISE AUTHORIZED BY ATC WITHIN A 1 NMR OF 325321N/0964835W OR THE CVE085004.8 UP TO AND INCLUDING 1500 FT AGL EFFECTIVE IMMEDIATELY UNTIL FURTHER NOTICE. </SRC><CREATED><NUMERIC>40553.6972251968</NUMERIC><TEXT>1/10/2011 4:44:00 PM</TEXT></CREATED><MODIFIED><NUMERIC>41387.566834456</NUMERIC><TEXT>4/23/2013 1:36:14 PM</TEXT></MODIFIED><DELETED><NUMERIC></NUMERIC><TEXT></TEXT></DELETED><ACTIVE><NUMERIC></NUMERIC><TEXT></TEXT></ACTIVE><EXPIRES><NUMERIC></NUMERIC><TEXT></TEXT></EXPIRES><SUBMITID>publisher</SUBMITID><SUBMITHOST>155.178.4.10</SUBMITHOST></TFR4><TFR5><ID>1133175</ID><VERIFIED>True</VERIFIED><DELETED>False</DELETED><NID>ZMP Multiple</NID><NAME>ND GFK Multiple Area B</NAME><COMMENT>******CAUTION: This TFR Overlay Display System (TODS) is updated Monday - Friday 1200-2000 UTC. CONFIRM DATA CURRENCY THROUGH ALTERNATE SOURCES AT OTHER TIMES. For interpretation of this TFR contact your local FSS.******

</COMMENT><ACCESS>Public</ACCESS><APPEAR>3;0000ff;1;0000ff;83070e1c3870e0c1</APPEAR><TYPE>Law Enforcement</TYPE><MINALT>0A</MINALT><MAXALT>18000M</MAXALT><SEGS>0</SEGS><BOUND>RLN48.144444W97.375000A+N47.961111W97.375000N47.777778W97.375000LN48.144432W97.378225</BOUND><SRC>******CAUTION: This TFR Overlay Display System (TODS) is updated Monday - Friday 1200-2000 UTC. CONFIRM DATA CURRENCY THROUGH ALTERNATE SOURCES AT OTHER TIMES. For interpretation of this TFR contact your local FSS.******

WARNING - THERE ARE SEVERAL NOTICES TO AIRMEN (NOTAMS)CURRENTLY IN EFFECT FOR THIS AREA THAT CONTAIN INFORMATION PERTAINING TO SAFETY OF FLIGHT. IT IS ADVISED THAT PILOTS CONTACT THE CONTROLLING AIR TRAFFIC FACILITY PRIOR TO CONDUCTING FLIGHTS IN OR AROUND THIS AREA. </SRC><CREATED><NUMERIC>41448.5372006944</NUMERIC><TEXT>6/23/2013 12:53:34 PM</TEXT></CREATED><MODIFIED><NUMERIC>43029.4482372685</NUMERIC><TEXT>10/21/2017 10:45:28 AM</TEXT></MODIFIED><DELETED><NUMERIC></NUMERIC><TEXT></TEXT></DELETED><ACTIVE><NUMERIC></NUMERIC><TEXT></TEXT></ACTIVE><EXPIRES><NUMERIC></NUMERIC><TEXT></TEXT></EXPIRES><SUBMITID>publisher</SUBMITID><SUBMITHOST>155.178.180.7</SUBMITHOST></TFR5><TFR6><ID>1133483</ID><VERIFIED>True</VERIFIED><DELETED>False</DELETED><NID>ZMP Multiple</NID><NAME>ND GFK Multiple Area A</NAME><COMMENT>******CAUTION: This TFR Overlay Display System (TODS) is updated Monday - Friday 1200-2000 UTC. CONFIRM DATA CURRENCY THROUGH ALTERNATE SOURCES AT OTHER TIMES. For interpretation of this TFR contact your local FSS.******

</COMMENT><ACCESS>Public</ACCESS><APPEAR>3;0000ff;1;0000ff;83070e1c3870e0c1</APPEAR><TYPE>Miscellaneous</TYPE><MINALT>0A</MINALT><MAXALT>18000M</MAXALT><SEGS>0</SEGS><BOUND>RLN48.016667W97.391944LN47.908333W97.391944LN47.908333W97.450278LN48.016667W97.450278</BOUND><SRC>******CAUTION: This TFR Overlay Display System (TODS) is updated Monday - Friday 1200-2000 UTC. CONFIRM DATA CURRENCY THROUGH ALTERNATE SOURCES AT OTHER TIMES. For interpretation of this TFR contact your local FSS.******

WARNING - THERE ARE SEVERAL NOTICES TO AIRMEN (NOTAMS)CURRENTLY IN EFFECT FOR THIS AREA THAT CONTAIN INFORMATION PERTAINING TO SAFETY OF FLIGHT. IT IS ADVISED THAT PILOTS CONTACT THE CONTROLLING AIR TRAFFIC FACILITY PRIOR TO CONDUCTING FLIGHTS IN OR AROUND THIS AREA. </SRC><CREATED><NUMERIC>41467.6330847222</NUMERIC><TEXT>7/12/2013 3:11:39 PM</TEXT></CREATED><MODIFIED><NUMERIC>41684.7754707176</NUMERIC><TEXT>2/14/2014 6:36:41 PM</TEXT></MODIFIED><DELETED><NUMERIC></NUMERIC><TEXT></TEXT></DELETED><ACTIVE><NUMERIC></NUMERIC><TEXT></TEXT></ACTIVE><EXPIRES><NUMERIC></NUMERIC><TEXT></TEXT></EXPIRES><SUBMITID>publisher</SUBMITID><SUBMITHOST>155.178.4.12</SUBMITHOST></TFR6><TFR7><ID>1135825</ID><VERIFIED>True</VERIFIED><DELETED>False</DELETED><NID>ZOA Multiple</NID><NAME>CA MYV Multiple</NAME><COMMENT>******CAUTION: This TFR Overlay Display System (TODS) is updated Monday - Friday 1200-2000 UTC. CONFIRM DATA CURRENCY THROUGH ALTERNATE SOURCES AT OTHER TIMES. For interpretation of this TFR contact your local FSS.******

</COMMENT><ACCESS>Public</ACCESS><APPEAR>3;0000ff;1;0000ff;83070e1c3870e0c1</APPEAR><TYPE>Military Activity</TYPE><MINALT>0A</MINALT><MAXALT>18000M</MAXALT><SEGS>0</SEGS><BOUND>RCN39.134167W121.437500R010.00</BOUND><SRC>******CAUTION: This TFR Overlay Display System (TODS) is updated Monday - Friday 1200-2000 UTC. CONFIRM DATA CURRENCY THROUGH ALTERNATE SOURCES AT OTHER TIMES. For interpretation of this TFR contact your local FSS.******

WARNING - THERE ARE SEVERAL NOTICES TO AIRMEN (NOTAMS)CURRENTLY IN EFFECT FOR THIS AREA THAT CONTAIN INFORMATION PERTAINING TO SAFETY OF FLIGHT. IT IS ADVISED THAT PILOTS CONTACT THE CONTROLLING AIR TRAFFIC FACILITY PRIOR TO CONDUCTING FLIGHTS IN OR AROUND THIS AREA. 

</SRC><CREATED><NUMERIC>41674.5047038194</NUMERIC><TEXT>2/4/2014 12:06:46 PM</TEXT></CREATED><MODIFIED><NUMERIC>41674.5047038194</NUMERIC><TEXT>2/4/2014 12:06:46 PM</TEXT></MODIFIED><DELETED><NUMERIC></NUMERIC><TEXT></TEXT></DELETED><ACTIVE><NUMERIC></NUMERIC><TEXT></TEXT></ACTIVE><EXPIRES><NUMERIC></NUMERIC><TEXT></TEXT></EXPIRES><SUBMITID>publisher</SUBMITID><SUBMITHOST>155.178.5.12</SUBMITHOST></TFR7><TFR8><ID>1146431</ID><VERIFIED>True</VERIFIED><DELETED>False</DELETED><NID>ZUA UFN</NID><NAME>GU UNZ UFN</NAME><COMMENT>******CAUTION: This TFR Overlay Display System (TODS) is updated Monday - Friday 1200-2000 UTC. CONFIRM DATA CURRENCY THROUGH ALTERNATE SOURCES AT OTHER TIMES. For interpretation of this TFR contact your local FSS.******

</COMMENT><ACCESS>Public</ACCESS><APPEAR>3;0000ff;1;0000ff;83070e1c3870e0c1</APPEAR><TYPE>Miscellaneous</TYPE><MINALT>2600M</MINALT><MAXALT>20000M</MAXALT><SEGS>0</SEGS><BOUND>RLN13.641667E145.135278LN13.476667E144.746944LN13.511944E144.637222A+N13.571111E144.882222N13.587500E144.619444LN13.640968E145.135572</BOUND><SRC>******CAUTION: This TFR Overlay Display System (TODS) is updated Monday - Friday 1200-2000 UTC. CONFIRM DATA CURRENCY THROUGH ALTERNATE SOURCES AT OTHER TIMES. For interpretation of this TFR contact your local FSS.******

!FDC Y/NNNN (PGZU ANNNN/YY) ZUA PART 1 OF 2 GU..AIRSPACE ANDERSEN AFB, GU..TEMPORARY FLIGHT RESTRICTIONS.Until further notice. PURSUANT TO 49 USC 40103(B), THE FEDERAL AVIATION ADMINISTRATION (FAA) CLASSIFIES THE AIRSPACE DEFINED IN THIS NOTAM AS 'NATIONAL DEFENSE AIRSPACE'. ANY PERSON WHO KNOWINGLY OR WILLFULLY VIOLATES THE RULES CONCERNING OPERATIONS IN THIS AIRSPACE MAY BE SUBJECT TO CERTAIN CRIMINAL PENALTIES UNDER 49 USC 46307. PILOTS WHO DO NOT ADHERE TO THE FOLLOWING PROCEDURES MAY BE INTERCEPTED, DETAINED AND INTERVIEWED BY LAW ENFORCEMENT/SECURITY PERSONNEL. PURSUANT TO TITLE 14 CFR SECTION 99.7, SPECIAL SECURITY INSTRUCTIONS, ALL AIRCRAFT FLIGHT OPERATIONS ARE PROHIBITED WITHIN AN AREA DEFINED AS 133830N1450807E TO 132836N1444449E TO 133043N1443814E TO 133515N1443710E THEN CLOCKWISE ON A 15.3 NM ARC CENTERED ON 133416N1445256E TO THE POINT OF ORIGIN 2600FT MSL-FL200; EXCLUDING AN AREA DEFINED AS 133854N1444757E TO 134135N1445321E TO 133824N1445457E TO 133545N1444934E TO THE POINT OF ORIGIN 2600FT MSL-FL200 EFFECTIVE Until further notice. END PART 1 OF 2 
!FDC Y/NNNN (PGZU ANNNN/YY) ZUA PART 2 OF 2 GU..AIRSPACE ANDERSEN AFB, GU..TEMPORARY FLIGHT EXCEPT AS SPECIFIED BELOW AND/OR UNLESS AUTHORIZED BY ATC: 1. ALL AIRCRAFT ENTERING OR EXITING THE TFR MUST BE ON A DISCRETE CODE ASSIGNED BY AN AIR TRAFFIC CONTROL (ATC) FACILITY. 2. AIRCRAFT MUST BE SQUAWKING THE DISCRETE CODE AT ALL TIMES WHILE IN THE TFR. 3. ALL AIRCRAFT ENTERING OR EXITING THE TFR MUST REMAIN IN TWO-WAY RADIO COMMUNICATIONS WITH ATC. 4. GUAM CERAP, PHONE 671-473-1210, IS THE FAA COORDINATION FACILITY. END PART 2 OF 2 
</SRC><CREATED><NUMERIC>42572.5112245023</NUMERIC><TEXT>7/21/2016 12:16:10 PM</TEXT></CREATED><MODIFIED><NUMERIC>42572.5112245023</NUMERIC><TEXT>7/21/2016 12:16:10 PM</TEXT></MODIFIED><DELETED><NUMERIC></NUMERIC><TEXT></TEXT></DELETED><ACTIVE><NUMERIC></NUMERIC><TEXT></TEXT></ACTIVE><EXPIRES><NUMERIC></NUMERIC><TEXT></TEXT></EXPIRES><SUBMITID>Publisher</SUBMITID><SUBMITHOST>155.178.180.7</SUBMITHOST></TFR8><TFR9><ID>1146531</ID><VERIFIED>True</VERIFIED><DELETED>False</DELETED><NID>    Update</NID><NAME>   UPDATE  -  12/06 1200 UTC</NAME><COMMENT>******CAUTION: This TFR Overlay Display System (TODS) is updated Monday - Friday 1200-2000 UTC. CONFIRM DATA CURRENCY THROUGH ALTERNATE SOURCES AT OTHER TIMES. For interpretation of this TFR contact your local FSS.******\n\n</COMMENT><ACCESS>Public</ACCESS><APPEAR>3;0000ff;1;0000ff;83070e1c3870e0c1</APPEAR><TYPE>Miscellaneous</TYPE><MINALT>0A</MINALT><MAXALT>18000M</MAXALT><SEGS>0</SEGS><BOUND></BOUND><SRC>******CAUTION: This TFR Overlay Display System (TODS) is updated Monday - Friday 1200-2000 UTC. CONFIRM DATA CURRENCY THROUGH ALTERNATE SOURCES AT OTHER TIMES. For interpretation of this TFR contact your local FSS.******\n\n</SRC><CREATED><NUMERIC>42575.7410355671</NUMERIC><TEXT>7/24/2016 5:47:05 PM</TEXT></CREATED><MODIFIED><NUMERIC>43075.4989543171</NUMERIC><TEXT>12/6/2017 11:58:30 AM</TEXT></MODIFIED><DELETED><NUMERIC></NUMERIC><TEXT></TEXT></DELETED><ACTIVE><NUMERIC></NUMERIC><TEXT></TEXT></ACTIVE><EXPIRES><NUMERIC></NUMERIC><TEXT></TEXT></EXPIRES><SUBMITID>PUBLISHER</SUBMITID><SUBMITHOST>169.143.3.8</SUBMITHOST></TFR9><TFR10><ID>1148801</ID><VERIFIED>True</VERIFIED><DELETED>False</DELETED><NID>ZNY 7/5997</NID><NAME>NY LGA 7/5997</NAME><COMMENT>******CAUTION: This TFR Overlay Display System (TODS) is updated Monday - Friday 1200-2000 UTC. CONFIRM DATA CURRENCY THROUGH ALTERNATE SOURCES AT OTHER TIMES. For interpretation of this TFR contact your local FSS.******

</COMMENT><ACCESS>Public</ACCESS><APPEAR>3;0000ff;1;ff0000;83070e1c3870e0c1</APPEAR><TYPE>VIP (FAR 91.141)</TYPE><MINALT>0A</MINALT><MAXALT>2999A</MAXALT><SEGS>0</SEGS><BOUND>RCN40.765000W73.978333R001.00RCN40.765000W73.978333R001.00</BOUND><SRC>******CAUTION: This TFR Overlay Display System (TODS) is updated Monday - Friday 1200-2000 UTC. CONFIRM DATA CURRENCY THROUGH ALTERNATE SOURCES AT OTHER TIMES. For interpretation of this TFR contact your local FSS.******

!FDC 7/5997 ZNY NY..AIRSPACE NEW YORK, NEW YORK..TEMPORARY FLIGHT RESTRICTIONS.  
      JANUARY 19, 2017 LOCAL. PURSUANT TO 49 USC 40103(B), THE FEDERAL AVIATION ADMINISTRATION (FAA) CLASSIFIES THE AIRSPACE DEFINED IN THIS NOTAM AS 'NATIONAL DEFENSE AIRSPACE'. PILOTS WHO DO NOT ADHERE TO THE FOLLOWING PROCEDURES MAY BE INTERCEPTED, DETAINED AND INTERVIEWED BY LAW ENFORCEMENT/SECURITY PERSONNEL. ANY OF THE FOLLOWING ADDITIONAL ACTIONS MAY ALSO BE TAKEN AGAINST A PILOT WHO DOES NOT COMPLY WITH THE REQUIREMENTS OR ANY SPECIAL INSTRUCTIONS OR PROCEDURES ANNOUNCED IN THIS NOTAM: 
A) THE FAA MAY TAKE ADMINISTRATIVE ACTION, INCLUDING IMPOSING CIVIL 
PENALTIES AND THE SUSPENSION OR REVOCATION OF AIRMEN CERTIFICATES; OR  
B) THE UNITED STATES GOVERNMENT MAY PURSUE CRIMINAL CHARGES, INCLUDING CHARGES UNDER TITLE 49 OF THE UNITED STATES CODE, SECTION 46307; OR  
C) THE UNITED STATES GOVERNMENT MAY USE DEADLY FORCE AGAINST THE AIRBORNE AIRCRAFT, IF IT IS DETERMINED THAT THE AIRCRAFT POSES AN IMMINENT SECURITY THREAT.
 
PURSUANT TO TITLE 14, SECTION 91.141 OF THE CODE OF FEDERAL REGULATIONS, AIRCRAFT FLIGHT OPERATIONS, TO INCLUDE REMOTE CONTROLLED AIRCRAFT OPERATIONS ARE PROHIBITED:

WITHIN AN AREA DEFINED AS 1NM RADIUS OF 404554N0735842W (LGA269005.1) SFC-2999FT AGL
EFFECTIVE 1701192220 UTC (1720 LOCAL 01/19/17) UNTIL FURTHER NOTICE.

EXCEPT THE FLIGHT OPERATIONS LISTED BELOW:
   1. AIRCRAFT ARRIVING OR DEPARTING KJRA, KJRB,
      NK39, 6N5, AND 6N7 AIRPORTS.
   2. MILITARY AIRCRAFT DIRECTLY SUPPORTING THE
      UNITED STATES SECRET SERVICE (USSS).
   3. LAW ENFORCEMENT, FIREFIGHTING, AND MEDEVAC/AIR
      AMBULANCE FLIGHTS ON ACTIVE MISSIONS.
   4. AIRCRAFT OPERATIONS NECESSITATED FOR SAFETY OR
      EMERGENCY REASONS.
   5. ALL AIRCRAFT APPROVED TO OPERATE WITHIN THE TFR
      MUST BE SQUAWKING AN ATC DISCRETE CODE AT ALL
      TIMES WHILE IN THE TFR AND MUST REMAIN IN TWO-WAY
      RADIO COMMUNICATIONS WITH ATC.

 1701192220-PERM
</SRC><CREATED><NUMERIC>42689.6381853819</NUMERIC><TEXT>11/15/2016 3:18:59 PM</TEXT></CREATED><MODIFIED><NUMERIC>42754.7379437847</NUMERIC><TEXT>1/19/2017 5:42:38 PM</TEXT></MODIFIED><DELETED><NUMERIC></NUMERIC><TEXT></TEXT></DELETED><ACTIVE><NUMERIC>42754.7222222222</NUMERIC><TEXT>1/19/2017 5:20:00 PM</TEXT></ACTIVE><EXPIRES><NUMERIC></NUMERIC><TEXT></TEXT></EXPIRES><SUBMITID>publisher</SUBMITID><SUBMITHOST>155.178.180.7</SUBMITHOST></TFR10><TFR11><ID>1150603</ID><VERIFIED>True</VERIFIED><DELETED>False</DELETED><NID>ZHU Multiple</NID><NAME>TX NGP Multiple Area A, B &amp; C</NAME><COMMENT>******CAUTION: This TFR Overlay Display System (TODS) is updated Monday - Friday 1200-2000 UTC. CONFIRM DATA CURRENCY THROUGH ALTERNATE SOURCES AT OTHER TIMES. For interpretation of this TFR contact your local FSS.******

</COMMENT><ACCESS>Public</ACCESS><APPEAR>3;0000ff;1;0000ff;83070e1c3870e0c1</APPEAR><TYPE>Miscellaneous</TYPE><MINALT>0A</MINALT><MAXALT>18000M</MAXALT><SEGS>0</SEGS><BOUND>RCN27.686389W97.294722R007.00RLN27.638611W97.175556LN27.576944W97.108611LN27.533333W97.133333LN27.605556W97.205000LN27.603056W97.202500RLN27.576944W97.108611LN27.468056W96.961111LN27.322222W97.050000LN27.345833W97.088889LN27.439167W97.186944</BOUND><SRC>******CAUTION: This TFR Overlay Display System (TODS) is updated Monday - Friday 1200-2000 UTC. CONFIRM DATA CURRENCY THROUGH ALTERNATE SOURCES AT OTHER TIMES. For interpretation of this TFR contact your local FSS.******

!FDC Y/NNNN ZHU TX..AIRSPACE CORPUS CHRISTI, TX..TEMPORARY FLIGHT RESTRICTIONS.   
PURSUANT TO 49 USC 40103(B), THE FEDERAL AVIATION ADMINISTRATION (FAA) CLASSIFIES THE AIRSPACE DEFINED IN THIS NOTAM AS 'NATIONAL DEFENSE AIRSPACE'. ANY PERSON WHO KNOWINGLY OR WILLFULLY VIOLATES THE RULES CONCERNING OPERATIONS IN THIS AIRSPACE MAY BE SUBJECT TO CERTAIN CRIMINAL PENALTIES UNDER 49 USC 46307. 
PILOTS WHO DO NOT ADHERE TO THE FOLLOWING PROCEDURES MAY BE INTERCEPTED, DETAINED AND INTERVIEWED BY LAW ENFORCEMENT/SECURITY PERSONNEL. PURSUANT TO TITLE 14 CFR SECTION 99.7, SPECIAL SECURITY INSTRUCTIONS, ALL AIRCRAFT FLIGHT OPERATIONS ARE PROHIBITED: 

WITHIN AN AREA DEFINED AS 273437N0970631W (NGP117011.9) TO 272805N0965740W (NGP120022.1) TO 271920N0970300W (NGP143025.4) TO 272045N0970520W (NGP146023.1) TO 272621N0971113W (NGP153015.9) TO THE POINT OF ORIGIN 2500FT MSL-FL180 EFFECTIVE XXXXXX1400 UTC (0900 LOCAL XX/XX/XX) UNTIL XXXXXX1000 UTC (0500 LOCAL XX/XX/XX). 

WITHIN AN AREA DEFINED AS 273819N0971032W TO 273437N0970631W TO 273200N0970800W TO 273620N0971218W TO 273611N0971209W TO THE POINT OF ORIGIN 1500FT MSL-3500FT MSL EFFECTIVE XXXXXX1400 UTC (0900 LOCAL XX/XX/XX) UNTIL XXXXXX1000 UTC (0500 LOCAL XX/XX/XX).

WITHIN AN AREA DEFINED AS 7NM RADIUS OF 274111N0971741W OR THE NGP VORTAC SFC-3000FT MSL EFFECTIVE XXXXXX1400 UTC (0900 LOCAL XX/XX/XX) UNTIL XXXXXX1000 UTC (0500 LOCAL XX/XX/XX).

EXCEPT AS SPECIFIED BELOW AND/OR UNLESS AUTHORIZED BY ATC: 

1. ALL AIRCRAFT ENTERING OR EXITING THE TFR MUST BE ON A DISCRETE CODE ASSIGNED BY AN AIR TRAFFIC CONTROL (ATC) FACILITY. 
2. AIRCRAFT MUST BE SQUAWKING THE DISCRETE CODE AT ALL TIMES WHILE IN THE TFR. 
3. ALL AIRCRAFT ENTERING OR EXITING THE TFR MUST REMAIN IN TWO-WAY RADIO COMMUNICATIONS WITH ATC. 
4. HOUSTON CENTER, PHONE 281-230-5560, IS THE FAA COORDINATION FACILITY. 
1705251400-1705261000</SRC><CREATED><NUMERIC>42880.502056169</NUMERIC><TEXT>5/25/2017 12:02:58 PM</TEXT></CREATED><MODIFIED><NUMERIC>42880.5025815162</NUMERIC><TEXT>5/25/2017 12:03:43 PM</TEXT></MODIFIED><DELETED><NUMERIC></NUMERIC><TEXT></TEXT></DELETED><ACTIVE><NUMERIC></NUMERIC><TEXT></TEXT></ACTIVE><EXPIRES><NUMERIC></NUMERIC><TEXT></TEXT></EXPIRES><SUBMITID>publisher</SUBMITID><SUBMITHOST>155.178.180.7</SUBMITHOST></TFR11><TFR12><ID>1152647</ID><VERIFIED>True</VERIFIED><DELETED>False</DELETED><NID>ZAB Multiple</NID><NAME>AZ FHU Multiple</NAME><COMMENT>******CAUTION: This TFR Overlay Display System (TODS) is updated Monday - Friday 1200-2000 UTC. CONFIRM DATA CURRENCY THROUGH ALTERNATE SOURCES AT OTHER TIMES. For interpretation of this TFR contact your local FSS.******

</COMMENT><ACCESS>Public</ACCESS><APPEAR>3;0000ff;1;0000ff;60c08103060c1830</APPEAR><TYPE>Miscellaneous</TYPE><MINALT>9000M</MINALT><MAXALT>17999M</MAXALT><SEGS>0</SEGS><BOUND>RLN31.571111W110.191667A+N31.570833W110.347778N31.570556W110.503889LN31.571111W110.191666</BOUND><SRC>******CAUTION: This TFR Overlay Display System (TODS) is updated Monday - Friday 1200-2000 UTC. CONFIRM DATA CURRENCY THROUGH ALTERNATE SOURCES AT OTHER TIMES. For interpretation of this TFR contact your local FSS.******

</SRC><CREATED><NUMERIC>42970.55714375</NUMERIC><TEXT>8/23/2017 1:22:17 PM</TEXT></CREATED><MODIFIED><NUMERIC>42970.55714375</NUMERIC><TEXT>8/23/2017 1:22:17 PM</TEXT></MODIFIED><DELETED><NUMERIC></NUMERIC><TEXT></TEXT></DELETED><ACTIVE><NUMERIC></NUMERIC><TEXT></TEXT></ACTIVE><EXPIRES><NUMERIC></NUMERIC><TEXT></TEXT></EXPIRES><SUBMITID>publisher</SUBMITID><SUBMITHOST>155.178.180.5</SUBMITHOST></TFR12><TFR13><ID>1154187</ID><VERIFIED>True</VERIFIED><DELETED>False</DELETED><NID>ZAB 7/9744</NID><NAME>AZ GBN 7/9744</NAME><COMMENT>******CAUTION: This TFR Overlay Display System (TODS) is updated Monday - Friday 1200-2000 UTC. CONFIRM DATA CURRENCY THROUGH ALTERNATE SOURCES AT OTHER TIMES. For interpretation of this TFR contact your local FSS.******

</COMMENT><ACCESS>Public</ACCESS><APPEAR>3;0000ff;1;0000ff;83070e1c3870e0c1</APPEAR><TYPE>Hazard (FAR 91.137 a1)</TYPE><MINALT>0A</MINALT><MAXALT>2500M</MAXALT><SEGS>0</SEGS><BOUND>RCN33.178333W112.664167R002.00</BOUND><SRC>******CAUTION: This TFR Overlay Display System (TODS) is updated Monday - Friday 1200-2000 UTC. CONFIRM DATA CURRENCY THROUGH ALTERNATE SOURCES AT OTHER TIMES. For interpretation of this TFR contact your local FSS.******

ZAB AZ..AIRSPACE GILA BEND, AZ..TEMPORARY FLIGHT 
RESTRICTIONS WI AN AREA DEFINED AS 2 NM RADIUS OF 331042N/1123951W 
(GILA BEND VORTAC GBN348013.3) SFC-2500FT GAS RELEASE. PURSUANT TO 
14 CFR SECTION 91.137(A)(1) TEMPORARY FLIGHT RESTRICTIONS ARE IN 
EFFECT. ONLY RELIEF AIRCRAFT OPERATIONS UNDER DIRECTION OF PHOENIX 
PD SGT. ADAM BARRETT ARE AUTHORIZED IN THE AIRSPACE. PHOENIX PD 
SGT. 
ADAM BARRETT TELEPHONE 602-615-2870 IS IN CHARGE OF ON SCENE 
EMERGENCY RESPONSE ACTIVITY. LUKE RAPCON 623-856-7361 OR PHOENIX 
APPROACH 602-306-2520 IS THE FAA COORDINATION FACILITY. 
DLY 1230-2359 
1710231230-1712252359 
</SRC><CREATED><NUMERIC>43028.6625596065</NUMERIC><TEXT>10/20/2017 3:54:05 PM</TEXT></CREATED><MODIFIED><NUMERIC>43028.6625596065</NUMERIC><TEXT>10/20/2017 3:54:05 PM</TEXT></MODIFIED><DELETED><NUMERIC></NUMERIC><TEXT></TEXT></DELETED><ACTIVE><NUMERIC>43031.5208333333</NUMERIC><TEXT>10/23/2017 12:30:00 PM</TEXT></ACTIVE><EXPIRES><NUMERIC>43094.9993055556</NUMERIC><TEXT>12/25/2017 11:59:00 PM</TEXT></EXPIRES><SUBMITID>Publisher</SUBMITID><SUBMITHOST>155.178.180.7</SUBMITHOST></TFR13><TFR14><ID>1154207</ID><VERIFIED>True</VERIFIED><DELETED>False</DELETED><NID>ZUA 7/7643</NID><NAME>GU UNZ 7/7643</NAME><COMMENT>******CAUTION: This TFR Overlay Display System (TODS) is updated Monday - Friday 1200-2000 UTC. CONFIRM DATA CURRENCY THROUGH ALTERNATE SOURCES AT OTHER TIMES. For interpretation of this TFR contact your local FSS.******

</COMMENT><ACCESS>Public</ACCESS><APPEAR>3;0000ff;1;0000ff;83070e1c3870e0c1</APPEAR><TYPE>Hazard (FAR 91.137 a1)</TYPE><MINALT>0A</MINALT><MAXALT>19000M</MAXALT><SEGS>0</SEGS><BOUND>RCN13.656944E144.851111R002.40BCN13.583889E144.930000R004.30</BOUND><SRC>******CAUTION: This TFR Overlay Display System (TODS) is updated Monday - Friday 1200-2000 UTC. CONFIRM DATA CURRENCY THROUGH ALTERNATE SOURCES AT OTHER TIMES. For interpretation of this TFR contact your local FSS.******

!FDC 7/7643 ZUA GU..AIRSPACE ANDERSEN AFB, GUAM..TEMPORARY FLIGHT RESTRICTIONS ARE IN EFFECT, ALL ACFT FLIGHT OPS ARE PROHIBITED WI AN AREA DEFINED AS A 2.4 NM RADIUS OF 133925N1445104E (UNZ028013.9) SFC-FL190; EXCLUDING AN AREA DEFINED AS A 4.3 NM RADIUS OF 133502N1445548E (UNZ054013.9) DUE TO CONTINUOUS MIL ACT WI DEFINED AIRSPACE WHICH CREATES A SERIOUS SAFETY HAZARD TO AVIATION. ACFT FLYING WI THE ABOVE AIRSPACE WILL BE EXPOSED TO DIRECT RADIATION WHICH MAY PRODUCE HARMFUL EFFECTS TO PERSONNEL AND EQPT. RADIATION IS NOT VISUALLY APPARENT AND MUST BE PRESUMED BY ALL PILOTS TO CONTINUOUSLY EXIST. PURSUANT TO 14 CFR SECTION 91.137(A)(1) TEMPORARY FLIGHT RESTRICTIONS ARE IN EFFECT, ALL ACFT FLIGHT OPS ARE PROHIBITED. LEE WEBBER, TELEPHONE 671-473-1234, IS THE POINT OF CONTACT FOR THE AIRSPACE. GUAM /ZUA/ CERAP, TELEPHONE 671-473-1210, IS THE FAA COORDINATION FACILITY. 1710061100-1801061100
</SRC><CREATED><NUMERIC>43031.4299</NUMERIC><TEXT>10/23/2017 10:19:03 AM</TEXT></CREATED><MODIFIED><NUMERIC>43037.1275314815</NUMERIC><TEXT>10/29/2017 3:03:39 AM</TEXT></MODIFIED><DELETED><NUMERIC></NUMERIC><TEXT></TEXT></DELETED><ACTIVE><NUMERIC></NUMERIC><TEXT></TEXT></ACTIVE><EXPIRES><NUMERIC>43106.4583333333</NUMERIC><TEXT>1/6/2018 11:00:00 AM</TEXT></EXPIRES><SUBMITID>Publisher</SUBMITID><SUBMITHOST>155.178.180.7</SUBMITHOST></TFR14><TFR15><ID>1154269</ID><VERIFIED>True</VERIFIED><DELETED>False</DELETED><NID>ZLA 7/4203</NID><NAME>CA ELB 7/4203</NAME><COMMENT>******CAUTION: This TFR Overlay Display System (TODS) is updated Monday - Friday 1200-2000 UTC. CONFIRM DATA CURRENCY THROUGH ALTERNATE SOURCES AT OTHER TIMES. For interpretation of this TFR contact your local FSS.******

</COMMENT><ACCESS>Public</ACCESS><APPEAR>3;0000ff;1;008000;55aa55aa55aa55aa</APPEAR><TYPE>Fire</TYPE><MINALT>0A</MINALT><MAXALT>6500M</MAXALT><SEGS>0</SEGS><BOUND>RCN33.591667W117.341667R003.00</BOUND><SRC>******CAUTION: This TFR Overlay Display System (TODS) is updated Monday - Friday 1200-2000 UTC. CONFIRM DATA CURRENCY THROUGH ALTERNATE SOURCES AT OTHER TIMES. For interpretation of this TFR contact your local FSS.******

ZLA CA..AIRSPACE S OF LAKE ELSINORE CA..TEMPORARY FLIGHT 
RESTRICTIONS WI AN AREA DEFINED AS 3 NM RADIUS OF 333530N/1172030W 
(EL TORO VOR/DME ELB091020.2) SFC-6500FT. TO PROVIDE A SAFE 
ENVIRONMENT FOR FIRE FIGHTING ACFT OPS. PURSUANT TO 14 CFR SECTION 
91.137(A)(2) TEMPORARY FLIGHT RESTRICTIONS ARE IN EFFECT. 
CLEAVELAND NATIONAL FOREST TELEPHONE 619-557-5262 OR FREQ 
124.6750/WILDOMAR FIRE IS IN CHARGE OF THE OPERATION. LOS ANGELES 
/ZLA/ ARTCC TELEPHONE 661-265-8205 IS THE FAA COORDINATION FACILITY 
1710281400-1712271859. 
</SRC><CREATED><NUMERIC>43036.1250025116</NUMERIC><TEXT>10/28/2017 3:00:00 AM</TEXT></CREATED><MODIFIED><NUMERIC>43036.1250025116</NUMERIC><TEXT>10/28/2017 3:00:00 AM</TEXT></MODIFIED><DELETED><NUMERIC></NUMERIC><TEXT></TEXT></DELETED><ACTIVE><NUMERIC>43036.5833333333</NUMERIC><TEXT>10/28/2017 2:00:00 PM</TEXT></ACTIVE><EXPIRES><NUMERIC>43096.7909722222</NUMERIC><TEXT>12/27/2017 6:59:00 PM</TEXT></EXPIRES><SUBMITID>Publisher</SUBMITID><SUBMITHOST>155.178.180.7</SUBMITHOST></TFR15><TFR16><ID>1154279</ID><VERIFIED>True</VERIFIED><DELETED>False</DELETED><NID>ZBW 7/5084</NID><NAME>MA BOS 7/5084</NAME><COMMENT>******CAUTION: This TFR Overlay Display System (TODS) is updated Monday - Friday 1200-2000 UTC. CONFIRM DATA CURRENCY THROUGH ALTERNATE SOURCES AT OTHER TIMES. For interpretation of this TFR contact your local FSS.******

</COMMENT><ACCESS>Public</ACCESS><APPEAR>3;0000ff;1;0000ff;83070e1c3870e0c1</APPEAR><TYPE>Miscellaneous</TYPE><MINALT>0A</MINALT><MAXALT>2499M</MAXALT><SEGS>0</SEGS><BOUND>RCN42.089167W70.871111R001.00</BOUND><SRC>******CAUTION: This TFR Overlay Display System (TODS) is updated Monday - Friday 1200-2000 UTC. CONFIRM DATA CURRENCY THROUGH ALTERNATE SOURCES AT OTHER TIMES. For interpretation of this TFR contact your local FSS.******

7/5084 ZBW MA..AIRSPACE HANOVER, MA..TEMPORARY FLIGHT                   
RESTRICTION. TEMPORARY FLIGHT RESTRICTIONS WI AN AREA DEFINED AS 1  
NM RADIUS OF 420521N/0705216W (BOS178016.9) SFC-2499FT FOR          
EXPLOSIVE DEVICE CLEAN-UP. PURSUANT TO 14 CFR SECTION 91.137(A)(1)  
TEMPORARY FLIGHT RESTRICTIONS ARE IN EFFECT. ONLY RELIEF ACFT OPS   
UNDER DIRECTION OF HANOVER FIRE DEPT ARE AUTH IN THE AIRSPACE.      
HANOVER FIRE DEPT TELEPHONE 781-826-2335X0 IS IN CHARGE OF ON SCENE 
EMERG RESPONSE ACTIVITY. BOSTON /A90/ APCH TELEPHONE 603-594-5551   
IS THE FAA COORDINATION FACILITY. DLY MON-FRI EXC HOL 1130-2300     
1711061130-1712082300.                                              

</SRC><CREATED><NUMERIC>43038.9288952894</NUMERIC><TEXT>10/30/2017 10:17:37 PM</TEXT></CREATED><MODIFIED><NUMERIC>43038.9288952894</NUMERIC><TEXT>10/30/2017 10:17:37 PM</TEXT></MODIFIED><DELETED><NUMERIC></NUMERIC><TEXT></TEXT></DELETED><ACTIVE><NUMERIC>43045.4791666667</NUMERIC><TEXT>11/6/2017 11:30:00 AM</TEXT></ACTIVE><EXPIRES><NUMERIC>43077.9583333333</NUMERIC><TEXT>12/8/2017 11:00:00 PM</TEXT></EXPIRES><SUBMITID>publisher</SUBMITID><SUBMITHOST>155.178.180.7</SUBMITHOST></TFR16><TFR17><ID>1154281</ID><VERIFIED>True</VERIFIED><DELETED>False</DELETED><NID>ZHN 7/5111</NID><NAME>HI ITO 7/5111</NAME><COMMENT>******CAUTION: This TFR Overlay Display System (TODS) is updated Monday - Friday 1200-2000 UTC. CONFIRM DATA CURRENCY THROUGH ALTERNATE SOURCES AT OTHER TIMES. For interpretation of this TFR contact your local FSS.******

</COMMENT><ACCESS>Public</ACCESS><APPEAR>3;0000ff;1;0000ff;83070e1c3870e0c1</APPEAR><TYPE>Hazard (FAR 91.137 a1)</TYPE><MINALT>0A</MINALT><MAXALT>1000A</MAXALT><SEGS>0</SEGS><BOUND>RLN19.326667W155.035556LN19.319722W155.031667LN19.311667W155.047778LN19.318611W155.051667</BOUND><SRC>******CAUTION: This TFR Overlay Display System (TODS) is updated Monday - Friday 1200-2000 UTC. CONFIRM DATA CURRENCY THROUGH ALTERNATE SOURCES AT OTHER TIMES. For interpretation of this TFR contact your local FSS.******

7/5111 ZHN HI..AIRSPACE KILAUEA..TEMPORARY FLIGHT RESTRICTIONS          
RESTRICTIONS WI AN AREA BOUNDED BY                                  
191936N/1550208W (HILO VORTAC ITO172023.6) TO                       
191911N/1550154W (HILO VORTAC ITO172024.0) TO                       
191842N/1550252W (HILO VORTAC ITO174024.6) TO                       
191907N/1550306W (HILO VORTAC ITO174024.2) BACK TO THE ORIGINAL     
POINT. SFC-1000FT AGL VOLCANIC ACT. PURSUANT TO 14 CFR SECTION      
91.137(A)(1) TEMPORARY FLIGHT RESTRICTIONS ARE IN EFFECT. ONLY      
RELIEF AIRCRAFT OPERATIONS UNDER DIRECTION OF NATIONAL PARK SERVICE 
ARE AUTHORIZED IN THE AIRSPACE. NATIONAL PARK SERVICE TELEPHONE     
808-985-6170 IS IN CHARGE OF ON SCENE EMERGENCY RESPONSE ACTIVITY.  
HONOLULU /ZHN/ ARTCC TELEPHONE 808-840-6201 IS THE FAA COORDINATION 
FACILITY. EFFECTIVE 1711030000 UTC UNTIL 1811030000 UTC.            
1711030000-1811030000.                                              

</SRC><CREATED><NUMERIC>43038.9308466435</NUMERIC><TEXT>10/30/2017 10:20:25 PM</TEXT></CREATED><MODIFIED><NUMERIC>43040.4577471875</NUMERIC><TEXT>11/1/2017 10:59:09 AM</TEXT></MODIFIED><DELETED><NUMERIC></NUMERIC><TEXT></TEXT></DELETED><ACTIVE><NUMERIC>43042</NUMERIC><TEXT>11/3/2017</TEXT></ACTIVE><EXPIRES><NUMERIC>43407</NUMERIC><TEXT>11/3/2018</TEXT></EXPIRES><SUBMITID>publisher</SUBMITID><SUBMITHOST>155.178.180.5</SUBMITHOST></TFR17><TFR18><ID>1154283</ID><VERIFIED>True</VERIFIED><DELETED>False</DELETED><NID>ZHN 7/5113</NID><NAME>HI ITO 7/5113</NAME><COMMENT>******CAUTION: This TFR Overlay Display System (TODS) is updated Monday - Friday 1200-2000 UTC. CONFIRM DATA CURRENCY THROUGH ALTERNATE SOURCES AT OTHER TIMES. For interpretation of this TFR contact your local FSS.******

</COMMENT><ACCESS>Public</ACCESS><APPEAR>3;0000ff;1;0000ff;83070e1c3870e0c1</APPEAR><TYPE>Hazard (FAR 91.137 a1)</TYPE><MINALT>0A</MINALT><MAXALT>5000A</MAXALT><SEGS>0</SEGS><BOUND>RCN19.405556W155.290556R003.00</BOUND><SRC>******CAUTION: This TFR Overlay Display System (TODS) is updated Monday - Friday 1200-2000 UTC. CONFIRM DATA CURRENCY THROUGH ALTERNATE SOURCES AT OTHER TIMES. For interpretation of this TFR contact your local FSS.******

</SRC><CREATED><NUMERIC>43038.932796794</NUMERIC><TEXT>10/30/2017 10:23:14 PM</TEXT></CREATED><MODIFIED><NUMERIC>43038.932796794</NUMERIC><TEXT>10/30/2017 10:23:14 PM</TEXT></MODIFIED><DELETED><NUMERIC></NUMERIC><TEXT></TEXT></DELETED><ACTIVE><NUMERIC>43042</NUMERIC><TEXT>11/3/2017</TEXT></ACTIVE><EXPIRES><NUMERIC>43407.0006944444</NUMERIC><TEXT>11/3/2018 12:01:00 AM</TEXT></EXPIRES><SUBMITID>publisher</SUBMITID><SUBMITHOST>155.178.180.7</SUBMITHOST></TFR18><TFR19><ID>1154511</ID><VERIFIED>True</VERIFIED><DELETED>False</DELETED><NID>ZBW 7/4301</NID><NAME>MA BOS 7/4301</NAME><COMMENT>******CAUTION: This TFR Overlay Display System (TODS) is updated Monday - Friday 1200-2000 UTC. CONFIRM DATA CURRENCY THROUGH ALTERNATE SOURCES AT OTHER TIMES. For interpretation of this TFR contact your local FSS.******

</COMMENT><ACCESS>Public</ACCESS><APPEAR>3;0000ff;1;0000ff;83070e1c3870e0c1</APPEAR><TYPE>Miscellaneous</TYPE><MINALT>0A</MINALT><MAXALT>2499M</MAXALT><SEGS>0</SEGS><BOUND>RCN42.089167W70.871111R001.00</BOUND><SRC>******CAUTION: This TFR Overlay Display System (TODS) is updated Monday - Friday 1200-2000 UTC. CONFIRM DATA CURRENCY THROUGH ALTERNATE SOURCES AT OTHER TIMES. For interpretation of this TFR contact your local FSS.******

7/4301 ZBW MA..AIRSPACE HANOVER, MA..TEMPORARY FLIGHT RESTRICTION.      
TEMPORARY FLIGHT RESTRICTIONS WI AN AREA DEFINED AS 1 NM RADIUS OF  
420521N0705216W (BOS178016.9) SFC-2499FT FOR EXPLOSIVE              
DEVICE CLEAN-UP. PURSUANT TO 14 CFR SECTION 91.137(A)(1)            
TEMPORARY FLIGHT RESTRICTIONS ARE IN EFFECT. ONLY RELIEF ACFT OPS   
UNDER DIRECTION OF HANOVER FIRE DEPT ARE AUTH IN THE AIRSPACE.      
HANOVER FIRE DEPT TELEPHONE 781-826-2335X0 IS IN CHARGE OF          
ON SCENE EMERG RESPONSE ACTIVITY.                                   
BOSTON /A90/ APCH TELEPHONE 603-594-5551 IS THE                     
FAA COORDINATION FACILITY. DLY MON-FRI EXC HOLIDAYS 1130-2300       
1712111130-1803092300.</SRC><CREATED><NUMERIC>43068.6739017708</NUMERIC><TEXT>11/29/2017 4:10:25 PM</TEXT></CREATED><MODIFIED><NUMERIC>43068.6739017708</NUMERIC><TEXT>11/29/2017 4:10:25 PM</TEXT></MODIFIED><DELETED><NUMERIC></NUMERIC><TEXT></TEXT></DELETED><ACTIVE><NUMERIC>43080.4791666667</NUMERIC><TEXT>12/11/2017 11:30:00 AM</TEXT></ACTIVE><EXPIRES><NUMERIC>43168.9583333333</NUMERIC><TEXT>3/9/2018 11:00:00 PM</TEXT></EXPIRES><SUBMITID>publisher</SUBMITID><SUBMITHOST>169.143.3.8</SUBMITHOST></TFR19><TFR20><ID>1154539</ID><VERIFIED>True</VERIFIED><DELETED>False</DELETED><NID>ZMP 7/6188</NID><NAME>MN HIB 7/6188</NAME><COMMENT>******CAUTION: This TFR Overlay Display System (TODS) is updated Monday - Friday 1200-2000 UTC. CONFIRM DATA CURRENCY THROUGH ALTERNATE SOURCES AT OTHER TIMES. For interpretation of this TFR contact your local FSS.******

</COMMENT><ACCESS>Public</ACCESS><APPEAR>3;0000ff;1;0000ff;83070e1c3870e0c1</APPEAR><TYPE>Blasting Activity</TYPE><MINALT>0A</MINALT><MAXALT>4500M</MAXALT><SEGS>0</SEGS><BOUND>RCN47.470000W92.911667R002.00</BOUND><SRC>******CAUTION: This TFR Overlay Display System (TODS) is updated Monday - Friday 1200-2000 UTC. CONFIRM DATA CURRENCY THROUGH ALTERNATE SOURCES AT OTHER TIMES. For interpretation of this TFR contact your local FSS.******

FDC 7/6188 - MN..AIRSPACE HIBBING, MN. TEMPORARY FLIGHT RESTRICTIONS WITHIN AREA DEFINED AS 2NM RADIUS OF 472812N/0925442W (HIBBING VOR/DME HIB318013.2) SFC-4500FT FOR BLASTING. PURSUANT TO 14 CFR SECTION 91.137(A)(1) TEMPORARY FLIGHT RESTRICTIONS ARE IN EFFECT. ONLY RELIEF AIRCRAFT OPERATIONS UNDER DIRECTION OF HIBBING TACONITE ARE AUTHORIZED IN THE AIRSPACE. HIBBING TACONITE, TELEPHONE 218-262-5940 OR 218-966-1374, IS IN CHARGE OF ON SCENE EMERGENCY RESPONSE ACTIVITY. MINNEAPOLIS ARTCC /ZMP/, 651-463-5580, IS THE FAA COORDINATION FACILITY. 06 DEC 16:30 2017 UNTIL 06 DEC 17:30 2017.
</SRC><CREATED><NUMERIC>43070.5875446759</NUMERIC><TEXT>12/1/2017 2:06:04 PM</TEXT></CREATED><MODIFIED><NUMERIC>43070.5875446759</NUMERIC><TEXT>12/1/2017 2:06:04 PM</TEXT></MODIFIED><DELETED><NUMERIC></NUMERIC><TEXT></TEXT></DELETED><ACTIVE><NUMERIC>43075.6875</NUMERIC><TEXT>12/6/2017 4:30:00 PM</TEXT></ACTIVE><EXPIRES><NUMERIC>43075.7291666667</NUMERIC><TEXT>12/6/2017 5:30:00 PM</TEXT></EXPIRES><SUBMITID>publisher</SUBMITID><SUBMITHOST>169.143.3.8</SUBMITHOST></TFR20><TFR21><ID>1154547</ID><VERIFIED>True</VERIFIED><DELETED>False</DELETED><NID>ZJX 7/8700 </NID><NAME>FL CEW 7/8700 Area A and B</NAME><COMMENT>******CAUTION: This TFR Overlay Display System (TODS) is updated Monday - Friday 1200-2000 UTC. CONFIRM DATA CURRENCY THROUGH ALTERNATE SOURCES AT OTHER TIMES. For interpretation of this TFR contact your local FSS.******

</COMMENT><ACCESS>Public</ACCESS><APPEAR>3;0000ff;1;ff0000;83070e1c3870e0c1</APPEAR><TYPE>VIP (FAR 91.141)</TYPE><MINALT>0A</MINALT><MAXALT>17999M</MAXALT><SEGS>0</SEGS><BOUND>RCN30.408611W87.236111R030.00RCN30.408611W87.233889R011.00</BOUND><SRC>******CAUTION: This TFR Overlay Display System (TODS) is updated Monday - Friday 1200-2000 UTC. CONFIRM DATA CURRENCY THROUGH ALTERNATE SOURCES AT OTHER TIMES. For interpretation of this TFR contact your local FSS.******

!FDC 7/8700 ZJX FL..AIRSPACE PENSACOLA, FLORIDA..TEMPORARY FLIGHT 
RESTRICTIONS.  
      DECEMBER 8, 2017 LOCAL.  PURSUANT TO 49 USC 40103(B), THE 
FEDERAL AVIATION ADMINISTRATION (FAA) CLASSIFIES THE AIRSPACE 
DEFINED IN THIS NOTAM AS 'NATIONAL DEFENSE AIRSPACE'. PILOTS WHO 
DO NOT ADHERE TO THE FOLLOWING PROCEDURES MAY BE INTERCEPTED, 
DETAINED AND INTERVIEWED BY LAW ENFORCEMENT/SECURITY PERSONNEL. 
ANY OF THE FOLLOWING ADDITIONAL ACTIONS MAY ALSO BE TAKEN AGAINST 
A PILOT WHO DOES NOT COMPLY WITH THE REQUIREMENTS OR ANY SPECIAL 
INSTRUCTIONS OR PROCEDURES ANNOUNCED IN THIS NOTAM: 
A) THE FAA MAY TAKE ADMINISTRATIVE ACTION, INCLUDING IMPOSING CIVIL 
PENALTIES AND THE SUSPENSION OR REVOCATION OF AIRMEN CERTIFICATES; 
OR  
B) THE UNITED STATES GOVERNMENT MAY PURSUE CRIMINAL CHARGES, 
INCLUDING CHARGES UNDER TITLE 49 OF THE UNITED STATES CODE, 
SECTION 46307; OR  
C) THE UNITED STATES GOVERNMENT MAY USE DEADLY FORCE AGAINST THE 
AIRBORNE AIRCRAFT, IF IT IS DETERMINED THAT THE AIRCRAFT POSES AN 
IMMINENT SECURITY THREAT.   
PURSUANT TO TITLE 14, SECTION 91.141 OF THE CODE OF FEDERAL 
REGULATIONS, AIRCRAFT FLIGHT OPERATIONS ARE PROHIBITED 

WITHIN AN AREA DEFINED AS 30NM RADIUS OF 302431N0871410W 
(CEW226038.2) SFC-17999FT MSL  
EFFECTIVE 1712082359 UTC (1759 LOCAL 12/08/17) UNTIL 1712090300 UTC 
(2100 LOCAL 12/08/17).  

WITHIN AN AREA DEFINED AS 11NM RADIUS OF 302431N0871402W 
(CEW226038.1) SFC-17999FT MSL  
EFFECTIVE 1712082359 UTC (1759 LOCAL 12/08/17) UNTIL 1712090300 UTC 
(2100 LOCAL 12/08/17). 

EXCEPT AS SPECIFIED BELOW AND/OR UNLESS AUTHORIZED
BY ATC IN CONSULTATION WITH THE AIR TRAFFIC
SECURITY COORDINATOR VIA THE DOMESTIC EVENTS
NETWORK (DEN):
A. ALL AIRCRAFT OPERATIONS WITHIN THE 11 NMR
   AREA(S) LISTED ABOVE, KNOWN AS THE INNER CORE(S),
   ARE PROHIBITED EXCEPT FOR: APPROVED LAW
   ENFORCEMENT, MILITARY AIRCRAFT DIRECTLY SUPPORTING
   THE UNITED STATES SECRET SERVICE (USSS) AND THE
   OFFICE OF THE PRESIDENT OF THE UNITED STATES,
   APPROVED AIR AMBULANCE FLIGHTS, AND REGULARLY
   SCHEDULED COMMERCIAL PASSENGER AND ALL-CARGO
   CARRIERS OPERATING UNDER ONE OF THE FOLLOWING
   TSA-APPROVED STANDARD SECURITY
   PROGRAMS/PROCEDURES: AIRCRAFT OPERATOR STANDARD
   SECURITY PROGRAM (AOSSP), FULL ALL-CARGO AIRCRAFT
   OPERATOR STANDARD SECURITY PROGRAM (FACAOSSP),
   MODEL SECURITY PROGRAM (MSP), TWELVE FIVE STANDARD
   SECURITY PROGRAM (TFSSP) ALL CARGO, OR ALL-CARGO
   INTERNATIONAL SECURITY PROCEDURE (ACISP) AND ARE
   ARRIVING INTO AND/OR DEPARTING FROM 14 CFR PART
   139 AIRPORTS. ALL EMERGENCY/LIFE SAVING FLIGHT
   (MEDICAL/LAW ENFORCEMENT/FIREFIGHTING) OPERATIONS
   MUST COORDINATE WITH ATC PRIOR TO THEIR DEPARTURE
   AT 850-266-6921 TO AVOID POTENTIAL DELAYS.
B. FOR OPERATIONS WITHIN THE AIRSPACE BETWEEN THE
   11 NMR AND 30 NMR AREA(S) LISTED ABOVE, KNOWN AS
   THE OUTER RING(S): ALL AIRCRAFT MUST BE ON AN
   ACTIVE IFR OR FILED VFR FLIGHT PLAN WITH A
   DISCRETE CODE ASSIGNED BY AN AIR TRAFFIC CONTROL
   (ATC) FACILITY. ATC MAY AUTHORIZE TRANSIT
   OPERATIONS. AIRCRAFT MAY NOT LOITER. ALL AIRCRAFT
   MUST BE ON AN ACTIVE IFR OR VFR FLIGHT PLAN WITH A
   DISCRETE CODE ASSIGNED BY AN AIR TRAFFIC CONTROL
   (ATC) FACILITY. AIRCRAFT MUST BE SQUAWKING THE
   DISCRETE CODE PRIOR TO DEPARTURE AND AT ALL TIMES
   WHILE IN THE TFR AND MUST REMAIN IN TWO-WAY RADIO
   COMMUNICATIONS WITH ATC.
C. THE FOLLOWING OPERATIONS ARE NOT AUTHORIZED
   WITHIN THIS TFR: FLIGHT TRAINING, PRACTICE
   INSTRUMENT APPROACHES, AEROBATIC FLIGHT, GLIDER
   OPERATIONS, PARACHUTE OPERATIONS, ULTRALIGHT, HANG
   GLIDING, BALLOON OPERATIONS, AGRICULTURE/CROP
   DUSTING, ANIMAL POPULATION CONTROL FLIGHT
   OPERATIONS, BANNER TOWING OPERATIONS, SIGHTSEEING
   OPERATIONS, MAINTENANCE TEST FLIGHTS, MODEL
   AIRCRAFT OPERATIONS, MODEL ROCKETRY, UNMANNED
   AIRCRAFT SYSTEMS (UAS), AND UTILITY AND PIPELINE
   SURVEY OPERATIONS.
D. FAA RECOMMENDS THAT ALL AIRCRAFT OPERATORS
   CHECK NOTAMS FREQUENTLY FOR POSSIBLE CHANGES TO
   THIS TFR PRIOR TO OPERATIONS WITHIN THIS REGION.

 1712082359-1712090300</SRC><CREATED><NUMERIC>43074.542693831</NUMERIC><TEXT>12/5/2017 1:01:29 PM</TEXT></CREATED><MODIFIED><NUMERIC>43074.6627208681</NUMERIC><TEXT>12/5/2017 3:54:19 PM</TEXT></MODIFIED><DELETED><NUMERIC></NUMERIC><TEXT></TEXT></DELETED><ACTIVE><NUMERIC>43078</NUMERIC><TEXT>12/9/2017</TEXT></ACTIVE><EXPIRES><NUMERIC>43078.125</NUMERIC><TEXT>12/9/2017 3:00:00 AM</TEXT></EXPIRES><SUBMITID>publisher</SUBMITID><SUBMITHOST>169.143.3.8</SUBMITHOST></TFR21><TFR22><ID>1154549</ID><VERIFIED>True</VERIFIED><DELETED>False</DELETED><NID>ZLA 7/8761</NID><NAME>CA VNY 7/8761</NAME><COMMENT>******CAUTION: This TFR Overlay Display System (TODS) is updated Monday - Friday 1200-2000 UTC. CONFIRM DATA CURRENCY THROUGH ALTERNATE SOURCES AT OTHER TIMES. For interpretation of this TFR contact your local FSS.******

</COMMENT><ACCESS>Public</ACCESS><APPEAR>3;0000ff;1;008000;55aa55aa55aa55aa</APPEAR><TYPE>Fire</TYPE><MINALT>0A</MINALT><MAXALT>10000M</MAXALT><SEGS>0</SEGS><BOUND>RCN34.370833W119.152500R007.00</BOUND><SRC>******CAUTION: This TFR Overlay Display System (TODS) is updated Monday - Friday 1200-2000 UTC. CONFIRM DATA CURRENCY THROUGH ALTERNATE SOURCES AT OTHER TIMES. For interpretation of this TFR contact your local FSS.******

7/8761 ZLA CA..AIRSPACE VENTURA, CA..TEMPORARY FLT                      
RESTRICTIONS WI AN AREA DEFINED AS 7 NM RADIUS OF 342215N1190909W   
(CAMARILLO VOR/DME CMA328009.9) SFC-8500FT .  TO PROVIDE A SAFE     
ENVIRONMENT FOR FIRE FIGHTING AVIATION OPERATIONS. PURSUANT TO 14   
CFR SECTION 91.137(A)(2) TEMPORARY FLIGHT RESTRICTIONS ARE IN       
EFFECT. VENTURA COUNTY FIRE DEPARTMENT TELEPHONE 805-388-4279 OR    
FREQ 129.950/THOMAS FIRE IS IN CHARGE OF THE OPERATION. LOS ANGELES 
/ZLA/ ARTCC TELEPHONE 661-265-8205 IS THE FAA COORDINATION          
FACILITY. 1712051530-1802050644EST.                                 

</SRC><CREATED><NUMERIC>43074.7173488079</NUMERIC><TEXT>12/5/2017 5:12:59 PM</TEXT></CREATED><MODIFIED><NUMERIC>43074.7173488079</NUMERIC><TEXT>12/5/2017 5:12:59 PM</TEXT></MODIFIED><DELETED><NUMERIC></NUMERIC><TEXT></TEXT></DELETED><ACTIVE><NUMERIC>43074.6875</NUMERIC><TEXT>12/5/2017 4:30:00 PM</TEXT></ACTIVE><EXPIRES><NUMERIC>43137.3381944444</NUMERIC><TEXT>2/6/2018 8:07:00 AM</TEXT></EXPIRES><SUBMITID>publisher</SUBMITID><SUBMITHOST>169.143.3.8</SUBMITHOST></TFR22><TFR23><ID>1154551</ID><VERIFIED>True</VERIFIED><DELETED>False</DELETED><NID>ZLA 7/8704</NID><NAME>CA CMA 7/8704</NAME><COMMENT>******CAUTION: This TFR Overlay Display System (TODS) is updated Monday - Friday 1200-2000 UTC. CONFIRM DATA CURRENCY THROUGH ALTERNATE SOURCES AT OTHER TIMES. For interpretation of this TFR contact your local FSS.******

</COMMENT><ACCESS>Public</ACCESS><APPEAR>3;0000ff;1;008000;55aa55aa55aa55aa</APPEAR><TYPE>Fire</TYPE><MINALT>0A</MINALT><MAXALT>8500M</MAXALT><SEGS>0</SEGS><BOUND>RCN34.370833W119.152500R007.00</BOUND><SRC>******CAUTION: This TFR Overlay Display System (TODS) is updated Monday - Friday 1200-2000 UTC. CONFIRM DATA CURRENCY THROUGH ALTERNATE SOURCES AT OTHER TIMES. For interpretation of this TFR contact your local FSS.******

7/8704 ZLA CA..AIRSPACE VENTURA, CA..TEMPORARY FLT                      
RESTRICTIONS WI AN AREA DEFINED AS 7 NM RADIUS OF 342215N1190909W   
(CAMARILLO VOR/DME CMA328009.9) SFC-8500FT .  TO PROVIDE A SAFE     
ENVIRONMENT FOR FIRE FIGHTING AVIATION OPERATIONS. PURSUANT TO 14   
CFR SECTION 91.137(A)(2) TEMPORARY FLIGHT RESTRICTIONS ARE IN       
EFFECT. VENTURA COUNTY FIRE DEPARTMENT TELEPHONE 805-388-4279 OR    
FREQ 129.950/THOMAS FIRE IS IN CHARGE OF THE OPERATION. LOS ANGELES 
/ZLA/ ARTCC TELEPHONE 661-265-8205 IS THE FAA COORDINATION          
FACILITY. 1712051530-1802050644EST.                                 

</SRC><CREATED><NUMERIC>43074.7173564815</NUMERIC><TEXT>12/5/2017 5:13:00 PM</TEXT></CREATED><MODIFIED><NUMERIC>43075.0555716088</NUMERIC><TEXT>12/6/2017 1:20:01 AM</TEXT></MODIFIED><DELETED><NUMERIC></NUMERIC><TEXT></TEXT></DELETED><ACTIVE><NUMERIC>43074.6458333333</NUMERIC><TEXT>12/5/2017 3:30:00 PM</TEXT></ACTIVE><EXPIRES><NUMERIC>43075.0548611111</NUMERIC><TEXT>12/6/2017 1:19:00 AM</TEXT></EXPIRES><SUBMITID>publisher</SUBMITID><SUBMITHOST>169.143.3.8</SUBMITHOST></TFR23><TFR24><ID>1154553</ID><VERIFIED>True</VERIFIED><DELETED>False</DELETED><NID>ZLA 7/9045</NID><NAME>CA RZS 7/9045</NAME><COMMENT>******CAUTION: This TFR Overlay Display System (TODS) is updated Monday - Friday 1200-2000 UTC. CONFIRM DATA CURRENCY THROUGH ALTERNATE SOURCES AT OTHER TIMES. For interpretation of this TFR contact your local FSS.******

</COMMENT><ACCESS>Public</ACCESS><APPEAR>3;0000ff;1;008000;55aa55aa55aa55aa</APPEAR><TYPE>Fire</TYPE><MINALT>0A</MINALT><MAXALT>18000M</MAXALT><SEGS>0</SEGS><BOUND>RLN34.356111W119.438333LN34.660833W118.953611LN34.396111W118.920000LN34.214167W119.253056</BOUND><SRC>******CAUTION: This TFR Overlay Display System (TODS) is updated Monday - Friday 1200-2000 UTC. CONFIRM DATA CURRENCY THROUGH ALTERNATE SOURCES AT OTHER TIMES. For interpretation of this TFR contact your local FSS.******

!FDC 7/9045 ZLA CA..AIRSPACE VENTURA, CA..TEMPORARY FLIGHT
RESTRICTIONS WI AN AREA BOUNDED BY
342122N/1192618W (SAN MARCUS VORTAC RZS105018.9) TO
343939N/1185713W (GORMAN VORTAC GMN192009.7) TO
342346N/1185512W (FILLMORE VORTAC FIM306003.0) TO 
341251N/1191511W (SAN MARCUS VORTAC RZS111031.2) BACK TO THE
ORIGINAL POINT SFC-8500FT .  TO PROVIDE A SAFE ENVIRONMENT FOR FIRE
FIGHTING. PURSUANT TO 14 CFR SECTION 91.137(A)(2) TEMPORARY FLIGHT
RESTRICTIONS ARE IN EFFECT. VENTURA COUNTY FIRE TELEPHONE
805-384-1500 OR FREQ 129.950/AIRCRAFT OPERATIONS FIRE IS IN CHARGE
OF THE OPERATION. LOS ANGELES /ZLA/ ARTCC TELEPHONE 661-265-8205 IS
THE FAA COORDINATION FACILITY. EFFECTIVE 1712052115 UTC UNTIL
1802052115 UTC.
1712052115-1802052115EST
</SRC><CREATED><NUMERIC>43075.0578812153</NUMERIC><TEXT>12/6/2017 1:23:21 AM</TEXT></CREATED><MODIFIED><NUMERIC>43075.0578812153</NUMERIC><TEXT>12/6/2017 1:23:21 AM</TEXT></MODIFIED><DELETED><NUMERIC></NUMERIC><TEXT></TEXT></DELETED><ACTIVE><NUMERIC></NUMERIC><TEXT></TEXT></ACTIVE><EXPIRES><NUMERIC></NUMERIC><TEXT></TEXT></EXPIRES><SUBMITID>publisher</SUBMITID><SUBMITHOST>169.143.3.8</SUBMITHOST></TFR24><TFR25><ID>1154555</ID><VERIFIED>True</VERIFIED><DELETED>False</DELETED><NID>ZLA 7/9049</NID><NAME>CA FIM 7/9049</NAME><COMMENT>******CAUTION: This TFR Overlay Display System (TODS) is updated Monday - Friday 1200-2000 UTC. CONFIRM DATA CURRENCY THROUGH ALTERNATE SOURCES AT OTHER TIMES. For interpretation of this TFR contact your local FSS.******

</COMMENT><ACCESS>Public</ACCESS><APPEAR>3;0000ff;1;008000;55aa55aa55aa55aa</APPEAR><TYPE>Fire</TYPE><MINALT>0A</MINALT><MAXALT>18000M</MAXALT><SEGS>0</SEGS><BOUND>RCN34.452778W118.664722R005.00</BOUND><SRC>******CAUTION: This TFR Overlay Display System (TODS) is updated Monday - Friday 1200-2000 UTC. CONFIRM DATA CURRENCY THROUGH ALTERNATE SOURCES AT OTHER TIMES. For interpretation of this TFR contact your local FSS.******

!FDC 7/9049 ZLA CA..AIRSPACE 1NM SE OF LAKE CASTAIC, CA..TEMPORARY
FLIGHT RESTRICTIONS WI AN AREA DEFINED AS 5NM RADIUS OF
342710N1183953W (FILLMORE VORTAC FIM047012.2) SFC-8000FT. TO
PROVIDE A SAFE ENVIRONMENT FOR FIRE FIGHTING ACFT OPS.
PURSUANT TO 14 CFR SECTION 91.137(A)(2) TEMPORARY FLIGHT
RESTRICTIONS ARE IN EFFECT. LOS ANGELES COUNTY FIRE TELEPHONE
323-881-6119 OR FREQ 131.4250/THE RYE FIRE IS IN CHARGE OF THE
OPERATION. LOS ANGELES /ZLA/ ARTCC TELEPHONE 661-265-8205 IS THE FAA
CDN FACILITY. 
1712052130-1802052130EST</SRC><CREATED><NUMERIC>43075.0954876968</NUMERIC><TEXT>12/6/2017 2:17:30 AM</TEXT></CREATED><MODIFIED><NUMERIC>43075.0954876968</NUMERIC><TEXT>12/6/2017 2:17:30 AM</TEXT></MODIFIED><DELETED><NUMERIC></NUMERIC><TEXT></TEXT></DELETED><ACTIVE><NUMERIC></NUMERIC><TEXT></TEXT></ACTIVE><EXPIRES><NUMERIC></NUMERIC><TEXT></TEXT></EXPIRES><SUBMITID>publisher</SUBMITID><SUBMITHOST>169.143.3.8</SUBMITHOST></TFR25><TFR26><ID>1154561</ID><VERIFIED>True</VERIFIED><DELETED>False</DELETED><NID>ZMA 7/9750</NID><NAME>FL PBI 7/9750</NAME><COMMENT>******CAUTION: This TFR Overlay Display System (TODS) is updated Monday - Friday 1200-2000 UTC. CONFIRM DATA CURRENCY THROUGH ALTERNATE SOURCES AT OTHER TIMES. For interpretation of this TFR contact your local FSS.******

</COMMENT><ACCESS>Public</ACCESS><APPEAR>3;0000ff;1;ff0000;83070e1c3870e0c1</APPEAR><TYPE>VIP (FAR 91.141)</TYPE><MINALT>0A</MINALT><MAXALT>17999M</MAXALT><SEGS>0</SEGS><BOUND>RCN26.679722W80.057500R030.00RCN26.679722W80.057500R010.00BCN27.181667W80.221389R002.00BCN26.197222W80.170556R002.00</BOUND><SRC>******CAUTION: This TFR Overlay Display System (TODS) is updated Monday - Friday 1200-2000 UTC. CONFIRM DATA CURRENCY THROUGH ALTERNATE SOURCES AT OTHER TIMES. For interpretation of this TFR contact your local FSS.******

!FDC 7/9750 ZMA FL..AIRSPACE PALM BEACH, FLORIDA..TEMPORARY FLIGHT 
RESTRICTIONS.  
      DECEMBER 8-9, 2017 LOCAL.  PURSUANT TO 49 USC 40103(B), THE 
FEDERAL AVIATION ADMINISTRATION (FAA) CLASSIFIES THE AIRSPACE 
DEFINED IN THIS NOTAM AS 'NATIONAL DEFENSE AIRSPACE'. PILOTS WHO 
DO NOT ADHERE TO THE FOLLOWING PROCEDURES MAY BE INTERCEPTED, 
DETAINED AND INTERVIEWED BY LAW ENFORCEMENT/SECURITY PERSONNEL. 
ANY OF THE FOLLOWING ADDITIONAL ACTIONS MAY ALSO BE TAKEN AGAINST 
A PILOT WHO DOES NOT COMPLY WITH THE REQUIREMENTS OR ANY SPECIAL 
INSTRUCTIONS OR PROCEDURES ANNOUNCED IN THIS NOTAM: 
A) THE FAA MAY TAKE ADMINISTRATIVE ACTION, INCLUDING IMPOSING CIVIL 
PENALTIES AND THE SUSPENSION OR REVOCATION OF AIRMEN CERTIFICATES; 
OR  
B) THE UNITED STATES GOVERNMENT MAY PURSUE CRIMINAL CHARGES, 
INCLUDING CHARGES UNDER TITLE 49 OF THE UNITED STATES CODE, 
SECTION 46307; OR  
C) THE UNITED STATES GOVERNMENT MAY USE DEADLY FORCE AGAINST THE 
AIRBORNE AIRCRAFT, IF IT IS DETERMINED THAT THE AIRCRAFT POSES AN 
IMMINENT SECURITY THREAT.   
PURSUANT TO TITLE 14, SECTION 91.141 OF THE CODE OF FEDERAL 
REGULATIONS, AIRCRAFT FLIGHT OPERATIONS ARE PROHIBITED WITHIN AN 
AREA DEFINED AS 30NM RADIUS OF 264047N0800327W (PBI094001.6) 
SFC-17999FT MSL; EXCLUDING AN AREA DEFINED AS 2NM RADIUS OF 
271054N0801317W (PBI349030.9) SFC-17999FT MSL; EXCLUDING AN AREA 
DEFINED AS 2NM RADIUS OF 261150N0801014W (FLL004007.4) SFC-17999FT 
MSL  
EFFECTIVE 1712090400 UTC (2300 LOCAL 12/08/17) UNTIL 1712091430 UTC 
(0930 LOCAL 12/09/17).  

WITHIN AN AREA DEFINED AS 10NM RADIUS OF 264047N0800327W 
(PBI094001.6) SFC-17999FT MSL  
EFFECTIVE 1712090400 UTC (2300 LOCAL 12/08/17) UNTIL 1712091430 UTC 
(0930 LOCAL 12/09/17). 

EXCEPT AS SPECIFIED BELOW AND/OR UNLESS AUTHORIZED
BY ATC IN CONSULTATION WITH THE AIR TRAFFIC
SECURITY COORDINATOR VIA THE DOMESTIC EVENTS
NETWORK (DEN):
A. ALL AIRCRAFT OPERATIONS WITHIN THE 10 NMR
   AREA(S) LISTED ABOVE, KNOWN AS THE INNER CORE(S),
   ARE PROHIBITED EXCEPT FOR: APPROVED LAW
   ENFORCEMENT, MILITARY AIRCRAFT DIRECTLY SUPPORTING
   THE UNITED STATES SECRET SERVICE (USSS) AND THE
   OFFICE OF THE PRESIDENT OF THE UNITED STATES,
   APPROVED AIR AMBULANCE FLIGHTS, AND REGULARLY
   SCHEDULED COMMERCIAL PASSENGER AND ALL-CARGO
   CARRIERS OPERATING UNDER ONE OF THE FOLLOWING
   TSA-APPROVED STANDARD SECURITY
   PROGRAMS/PROCEDURES: AIRCRAFT OPERATOR STANDARD
   SECURITY PROGRAM (AOSSP), FULL ALL-CARGO AIRCRAFT
   OPERATOR STANDARD SECURITY PROGRAM (FACAOSSP),
   MODEL SECURITY PROGRAM (MSP), TWELVE FIVE STANDARD
   SECURITY PROGRAM (TFSSP) ALL CARGO, OR ALL-CARGO
   INTERNATIONAL SECURITY PROCEDURE (ACISP) AND ARE
   ARRIVING INTO AND/OR DEPARTING FROM 14 CFR PART
   139 AIRPORTS. ALL EMERGENCY/LIFE SAVING FLIGHT
   (MEDICAL/LAW ENFORCEMENT/FIREFIGHTING) OPERATIONS
   MUST COORDINATE WITH ATC PRIOR TO THEIR DEPARTURE
   AT 561-684-9047 TO AVOID POTENTIAL DELAYS.
B. FOR OPERATIONS WITHIN THE AIRSPACE BETWEEN THE
   10 NMR AND 30 NMR AREA(S) LISTED ABOVE, KNOWN AS
   THE OUTER RING(S): ALL AIRCRAFT OPERATING WITHIN
   THE OUTER RING(S) LISTED ABOVE ARE LIMITED TO
   AIRCRAFT ARRIVING OR DEPARTING LOCAL AIRFIELDS,
   AND WORKLOAD PERMITTING, ATC MAY AUTHORIZE TRANSIT
   OPERATIONS. AIRCRAFT MAY NOT LOITER. ALL AIRCRAFT
   MUST BE ON AN ACTIVE IFR OR FILED VFR FLIGHT PLAN
   WITH A DISCRETE CODE ASSIGNED BY AN AIR TRAFFIC
   CONTROL (ATC) FACILITY. AIRCRAFT MUST BE SQUAWKING
   THE DISCRETE CODE PRIOR TO DEPARTURE AND AT ALL
   TIMES WHILE IN THE TFR AND MUST REMAIN IN TWO-WAY
   RADIO COMMUNICATIONS WITH ATC.
C. THE FOLLOWING OPERATIONS ARE NOT AUTHORIZED
   WITHIN THIS TFR: FLIGHT TRAINING, PRACTICE
   INSTRUMENT APPROACHES, AEROBATIC FLIGHT, GLIDER
   OPERATIONS, PARACHUTE OPERATIONS, ULTRALIGHT, HANG
   GLIDING, BALLOON OPERATIONS, AGRICULTURE/CROP
   DUSTING, ANIMAL POPULATION CONTROL FLIGHT
   OPERATIONS, BANNER TOWING OPERATIONS, SIGHTSEEING
   OPERATIONS, MAINTENANCE TEST FLIGHTS, MODEL
   AIRCRAFT OPERATIONS, MODEL ROCKETRY, UNMANNED
   AIRCRAFT SYSTEMS (UAS), AND UTILITY AND PIPELINE
   SURVEY OPERATIONS.
D. FAA RECOMMENDS THAT ALL AIRCRAFT OPERATORS
   CHECK NOTAMS FREQUENTLY FOR POSSIBLE CHANGES TO
   THIS TFR PRIOR TO OPERATIONS WITHIN THIS REGION.

 1712090400-1712091430

</SRC><CREATED><NUMERIC>43075.6255706366</NUMERIC><TEXT>12/6/2017 3:00:49 PM</TEXT></CREATED><MODIFIED><NUMERIC>43075.6255706366</NUMERIC><TEXT>12/6/2017 3:00:49 PM</TEXT></MODIFIED><DELETED><NUMERIC></NUMERIC><TEXT></TEXT></DELETED><ACTIVE><NUMERIC>43078.1666666667</NUMERIC><TEXT>12/9/2017 4:00:00 AM</TEXT></ACTIVE><EXPIRES><NUMERIC>43078.6041666667</NUMERIC><TEXT>12/9/2017 2:30:00 PM</TEXT></EXPIRES><SUBMITID>PUBLISHER</SUBMITID><SUBMITHOST>169.143.3.8</SUBMITHOST></TFR26><TFR27><ID>1154563</ID><VERIFIED>True</VERIFIED><DELETED>False</DELETED><NID>ZMA 7/9833</NID><NAME>FL PBI 7/9833</NAME><COMMENT>******CAUTION: This TFR Overlay Display System (TODS) is updated Monday - Friday 1200-2000 UTC. CONFIRM DATA CURRENCY THROUGH ALTERNATE SOURCES AT OTHER TIMES. For interpretation of this TFR contact your local FSS.******

</COMMENT><ACCESS>Public</ACCESS><APPEAR>3;0000ff;1;ff0000;83070e1c3870e0c1</APPEAR><TYPE>VIP (FAR 91.141)</TYPE><MINALT>0A</MINALT><MAXALT>17999M</MAXALT><SEGS>0</SEGS><BOUND>RCN26.679722W80.057500R030.00RCN26.679722W80.057500R010.00BCN27.181667W80.221389R002.00BCN26.197222W80.170556R002.00</BOUND><SRC>******CAUTION: This TFR Overlay Display System (TODS) is updated Monday - Friday 1200-2000 UTC. CONFIRM DATA CURRENCY THROUGH ALTERNATE SOURCES AT OTHER TIMES. For interpretation of this TFR contact your local FSS.******

!FDC 7/9833 ZMA FL..AIRSPACE PALM BEACH, FLORIDA..TEMPORARY FLIGHT 
RESTRICTIONS.  
      DECEMBER 9-10, 2017 LOCAL.  PURSUANT TO 49 USC 40103(B), THE 
FEDERAL AVIATION ADMINISTRATION (FAA) CLASSIFIES THE AIRSPACE 
DEFINED IN THIS NOTAM AS 'NATIONAL DEFENSE AIRSPACE'. PILOTS WHO 
DO NOT ADHERE TO THE FOLLOWING PROCEDURES MAY BE INTERCEPTED, 
DETAINED AND INTERVIEWED BY LAW ENFORCEMENT/SECURITY PERSONNEL. 
ANY OF THE FOLLOWING ADDITIONAL ACTIONS MAY ALSO BE TAKEN AGAINST 
A PILOT WHO DOES NOT COMPLY WITH THE REQUIREMENTS OR  ANY SPECIAL 
INSTRUCTIONS OR PROCEDURES ANNOUNCED IN THIS NOTAM: 
A) THE FAA MAY TAKE ADMINISTRATIVE ACTION, INCLUDING IMPOSING CIVIL 
PENALTIES AND THE SUSPENSION OR REVOCATION OF AIRMEN CERTIFICATES; 
OR  
B) THE UNITED STATES GOVERNMENT MAY PURSUE CRIMINAL CHARGES, 
INCLUDING CHARGES UNDER TITLE 49 OF THE UNITED STATES CODE, 
SECTION 46307; OR  
C) THE UNITED STATES GOVERNMENT MAY USE DEADLY FORCE AGAINST THE 
AIRBORNE AIRCRAFT, IF IT IS DETERMINED THAT THE AIRCRAFT POSES AN 
IMMINENT SECURITY THREAT.   
PURSUANT TO TITLE 14, SECTION 91.141 OF THE CODE OF FEDERAL 
REGULATIONS, AIRCRAFT FLIGHT OPERATIONS ARE PROHIBITED WITHIN AN 
AREA DEFINED AS 30NM RADIUS OF 264047N0800327W (PBI094001.6) 
SFC-17999FT MSL; EXCLUDING AN AREA DEFINED AS 2NM RADIUS OF 
271054N0801317W (PBI349030.9) SFC-17999FT MSL; EXCLUDING AN AREA 
DEFINED AS 2NM RADIUS OF 261150N0801014W (FLL004007.4) SFC-17999FT 
MSL  
EFFECTIVE 1712091930 UTC (1430 LOCAL 12/09/17) UNTIL 1712102300 UTC 
(1800 LOCAL 12/10/17).  

WITHIN AN AREA DEFINED AS 10NM RADIUS OF 264047N0800327W 
(PBI094001.6) SFC-17999FT MSL  
EFFECTIVE 1712091930 UTC (1430 LOCAL 12/09/17) UNTIL 1712102300 UTC 
(1800 LOCAL 12/10/17). 

EXCEPT AS SPECIFIED BELOW AND/OR UNLESS AUTHORIZED
BY ATC IN CONSULTATION WITH THE AIR TRAFFIC
SECURITY COORDINATOR VIA THE DOMESTIC EVENTS
NETWORK (DEN):
A. ALL AIRCRAFT OPERATIONS WITHIN THE 10 NMR
   AREA(S) LISTED ABOVE, KNOWN AS THE INNER CORE(S),
   ARE PROHIBITED EXCEPT FOR: APPROVED LAW
   ENFORCEMENT, MILITARY AIRCRAFT DIRECTLY SUPPORTING
   THE UNITED STATES SECRET SERVICE (USSS) AND THE
   OFFICE OF THE PRESIDENT OF THE UNITED STATES,
   APPROVED AIR AMBULANCE FLIGHTS, AND REGULARLY
   SCHEDULED COMMERCIAL PASSENGER AND ALL-CARGO
   CARRIERS OPERATING UNDER ONE OF THE FOLLOWING
   TSA-APPROVED STANDARD SECURITY
   PROGRAMS/PROCEDURES: AIRCRAFT OPERATOR STANDARD
   SECURITY PROGRAM (AOSSP), FULL ALL-CARGO AIRCRAFT
   OPERATOR STANDARD SECURITY PROGRAM (FACAOSSP),
   MODEL SECURITY PROGRAM (MSP), TWELVE FIVE STANDARD
   SECURITY PROGRAM (TFSSP) ALL CARGO, OR ALL-CARGO
   INTERNATIONAL SECURITY PROCEDURE (ACISP) AND ARE
   ARRIVING INTO AND/OR DEPARTING FROM 14 CFR PART
   139 AIRPORTS. ALL EMERGENCY/LIFE SAVING FLIGHT
   (MEDICAL/LAW ENFORCEMENT/FIREFIGHTING) OPERATIONS
   MUST COORDINATE WITH ATC PRIOR TO THEIR DEPARTURE
   AT 561-684-9047 TO AVOID POTENTIAL DELAYS.
B. FOR OPERATIONS WITHIN THE AIRSPACE BETWEEN THE
   10 NMR AND 30 NMR AREA(S) LISTED ABOVE, KNOWN AS
   THE OUTER RING(S): ALL AIRCRAFT OPERATING WITHIN
   THE OUTER RING(S) LISTED ABOVE ARE LIMITED TO
   AIRCRAFT ARRIVING OR DEPARTING LOCAL AIRFIELDS,
   AND WORKLOAD PERMITTING, ATC MAY AUTHORIZE TRANSIT
   OPERATIONS. AIRCRAFT MAY NOT LOITER. ALL AIRCRAFT
   MUST BE ON AN ACTIVE IFR OR FILED VFR FLIGHT PLAN
   WITH A DISCRETE CODE ASSIGNED BY AN AIR TRAFFIC
   CONTROL (ATC) FACILITY. AIRCRAFT MUST BE SQUAWKING
   THE DISCRETE CODE PRIOR TO DEPARTURE AND AT ALL
   TIMES WHILE IN THE TFR AND MUST REMAIN IN TWO-WAY
   RADIO COMMUNICATIONS WITH ATC.
C. ALL FLIGHT OPERATIONS NOT COVERED IN PARAGRAPH
   A. WITHIN THE 10 NMR AREA MUST BE SECURITY
   SCREENED BY TSA AT A GATEWAY AIRPORT PRIOR TO
   ARRIVING OR DEPARTING PALM BEACH INTERNATIONAL
   AIRPORT (KPBI). AIRCRAFT OPERATORS MUST REGISTER
   WITH THE TSA FOR GATEWAY SCREENING NO LESS THAN 24
   HOURS PRIOR TO THEIR SCHEDULED DEPARTURE TIME.
   RESERVATIONS FOR SCREENING MAY BEGIN ON 12/09/2017
   AND LAST THROUGH THE DURATION OF THE EVENT BY
   CALLING TSA AT 561-616-9650.
D. GATEWAY AIRPORTS HAVE BEEN CREATED AT PALM
   BEACH INTERNATIONAL AIRPORT (KPBI), ORLANDO
   INTERNATIONAL AIRPORT (KMCO), FORT LAUDERDALE
   INTERNATIONAL AIRPORT (KFLL), DULLES INTERNATIONAL
   AIRPORT (KIAD), TETERBORO AIRPORT (KTEB), AND
   WESTCHESTER CO. AIRPORT (KHPN) BY TSA TO
   ACCOMMODATE AIRCRAFT ARRIVING OR DEPARTING PALM
   BEACH INTERNATIONAL AIRPORT (KPBI).
E. TSA SCREENING WILL BE AVAILABLE ONLY ON SUNDAY
   12/10/2017 BETWEEN 0800-1700 LOCAL. PILOTS, CREW
   AND PASSENGERS MUST PROVIDE VALID
   GOVERNMENT-ISSUED PHOTO IDENTIFICATION TO THE TSA
   AT THE GATEWAY AIRPORT. GATEWAY SCREENING WILL
   INCLUDE ID VERIFICATION AND VETTING OF ALL PILOTS,
   CREW AND PASSENGERS, SCREENING OF PERSONS AND
   BAGGAGE, AND INSPECTION OF THE AIRCRAFT. NO
   FIREARMS ON BOARD AIRCRAFT WILL BE AUTHORIZED.
F. ON DEPARTURE FROM A GATEWAY AIRPORT AIRCRAFT
   MUST MAINTAIN RADIO CONTACT WITH ATC AND
   CONTINUOUSLY SQUAWK AN ATC-ASSIGNED DISCRETE CODE.
   INTERMEDIATE STOPS WHILE ENROUTE ARE NOT
   AUTHORIZED UNLESS AN EMERGENCY EXISTS.
G. THE FOLLOWING OPERATIONS ARE NOT AUTHORIZED
   WITHIN THIS TFR: FLIGHT TRAINING, PRACTICE
   INSTRUMENT APPROACHES, AEROBATIC FLIGHT, GLIDER
   OPERATIONS, PARACHUTE OPERATIONS, ULTRALIGHT, HANG
   GLIDING, BALLOON OPERATIONS, AGRICULTURE/CROP
   DUSTING, ANIMAL POPULATION CONTROL FLIGHT
   OPERATIONS, BANNER TOWING OPERATIONS, SIGHTSEEING
   OPERATIONS, MAINTENANCE TEST FLIGHTS, MODEL
   AIRCRAFT OPERATIONS, MODEL ROCKETRY, UNMANNED
   AIRCRAFT SYSTEMS (UAS), AND UTILITY AND PIPELINE
   SURVEY OPERATIONS.
H. FAA RECOMMENDS THAT ALL AIRCRAFT OPERATORS
   CHECK NOTAMS FREQUENTLY FOR POSSIBLE CHANGES TO
   THIS TFR PRIOR TO OPERATIONS WITHIN THIS REGION.

 1712091930-1712102300</SRC><CREATED><NUMERIC>43075.6636733449</NUMERIC><TEXT>12/6/2017 3:55:41 PM</TEXT></CREATED><MODIFIED><NUMERIC>43075.6636733449</NUMERIC><TEXT>12/6/2017 3:55:41 PM</TEXT></MODIFIED><DELETED><NUMERIC></NUMERIC><TEXT></TEXT></DELETED><ACTIVE><NUMERIC>43078.8125</NUMERIC><TEXT>12/9/2017 7:30:00 PM</TEXT></ACTIVE><EXPIRES><NUMERIC>43079.9583333333</NUMERIC><TEXT>12/10/2017 11:00:00 PM</TEXT></EXPIRES><SUBMITID>PUBLISHER</SUBMITID><SUBMITHOST>169.143.3.8</SUBMITHOST></TFR27><TFRCOUNT>27</TFRCOUNT></TFRSET>